team,league,season,date,opponent,promotion,kinds,sponsor,quantity,sold_out,source,note
Dodgers,MLB,2021,2021-06-11,Rangers,LGBTQ+ Pride Night + Friday Night Fireworks,theme|special_ticket|fireworks,,,,https://dodgerblue.com/2021-dodgers-promotional-schedule-giveaways-max-muncy-ocean-justin-turner-bobblehead-mookie-betts-jersey-more/2021/05/26/,before June 15 full-capacity reopening
Dodgers,MLB,2021,2021-06-15,Phillies,Reopening Day + Justin Turner bobblehead,giveaway|star_player|theme,Spectrum,first 25000,,https://www.mlb.com/press-release/press-release-dodgers-announce-promotional-schedule-featuring-10-bobbleheads-and,first full-capacity game after COVID limits
Dodgers,MLB,2021,2021-06-16,Phillies,Mookie Betts jersey,giveaway|star_player,,first 40000,,https://www.mlb.com/press-release/press-release-dodgers-announce-promotional-schedule-featuring-10-bobbleheads-and,
Dodgers,MLB,2021,2021-06-24,Cubs,Cody Bellinger bobblehead,giveaway|star_player,,first 40000,,https://www.mlb.com/press-release/press-release-dodgers-announce-promotional-schedule-featuring-10-bobbleheads-and,
Dodgers,MLB,2021,2021-06-25,Cubs,Friday Night Fireworks,fireworks,,,,https://dodgerblue.com/2021-dodgers-promotional-schedule-giveaways-max-muncy-ocean-justin-turner-bobblehead-mookie-betts-jersey-more/2021/05/26/,
Dodgers,MLB,2021,2021-06-27,Cubs,Viva Los Dodgers,theme,,,,https://dodgerblue.com/2021-dodgers-promotional-schedule-giveaways-max-muncy-ocean-justin-turner-bobblehead-mookie-betts-jersey-more/2021/05/26/,
Dodgers,MLB,2021,2021-06-28,Giants,Snapback cap,giveaway,,first 40000,,https://dodgerblue.com/2021-dodgers-promotional-schedule-giveaways-max-muncy-ocean-justin-turner-bobblehead-mookie-betts-jersey-more/2021/05/26/,
Dodgers,MLB,2021,2021-06-29,Giants,Max Muncy bobblehead,giveaway|star_player,,first 40000,,https://www.mlb.com/press-release/press-release-dodgers-announce-promotional-schedule-featuring-10-bobbleheads-and,
Dodgers,MLB,2021,2021-07-09,Diamondbacks,Friday Night Fireworks,fireworks,,,,https://dodgerblue.com/2021-dodgers-promotional-schedule-giveaways-max-muncy-ocean-justin-turner-bobblehead-mookie-betts-jersey-more/2021/05/26/,
Dodgers,MLB,2021,2021-07-19,Giants,Walker Buehler bobblehead,giveaway|star_player,,first 40000,,https://www.mlb.com/press-release/press-release-dodgers-announce-promotional-schedule-featuring-10-bobbleheads-and,
Dodgers,MLB,2021,2021-07-21,Giants,"Star Wars ""Orel-Wan Kenobi"" bobblehead",giveaway|crossover|star_player,,,,https://www.mlb.com/dodgers/fans/bobbleheads/2021,on team bobblehead page only; likely Star Wars Night ticket-pack item
Dodgers,MLB,2021,2021-07-22,Giants,Short-sleeve hooded shirt,giveaway,,first 40000,,https://dodgerblue.com/2021-dodgers-promotional-schedule-giveaways-max-muncy-ocean-justin-turner-bobblehead-mookie-betts-jersey-more/2021/05/26/,
Dodgers,MLB,2021,2021-07-23,Rockies,Friday Night Fireworks,fireworks,,,,https://dodgerblue.com/2021-dodgers-promotional-schedule-giveaways-max-muncy-ocean-justin-turner-bobblehead-mookie-betts-jersey-more/2021/05/26/,
Dodgers,MLB,2021,2021-07-25,Rockies,Viva Los Dodgers + 1981 World Series 40th anniversary celebration,theme|championship,,,,https://dodgerblue.com/2021-dodgers-promotional-schedule-giveaways-max-muncy-ocean-justin-turner-bobblehead-mookie-betts-jersey-more/2021/05/26/,
Dodgers,MLB,2021,2021-08-06,Angels,Friday Night Fireworks,fireworks,,,,https://dodgerblue.com/2021-dodgers-promotional-schedule-giveaways-max-muncy-ocean-justin-turner-bobblehead-mookie-betts-jersey-more/2021/05/26/,
Dodgers,MLB,2021,2021-08-08,Angels,Viva Los Dodgers,theme,,,,https://dodgerblue.com/2021-dodgers-promotional-schedule-giveaways-max-muncy-ocean-justin-turner-bobblehead-mookie-betts-jersey-more/2021/05/26/,
Dodgers,MLB,2021,2021-08-16,Pirates,Zip-up hooded sweatshirt,giveaway,,first 40000,,https://dodgerblue.com/2021-dodgers-promotional-schedule-giveaways-max-muncy-ocean-justin-turner-bobblehead-mookie-betts-jersey-more/2021/05/26/,
Dodgers,MLB,2021,2021-08-17,Pirates,Mexican Heritage Night (ticket pack),theme|special_ticket,,,,https://dodgerblue.com/2021-dodgers-promotional-schedule-giveaways-max-muncy-ocean-justin-turner-bobblehead-mookie-betts-jersey-more/2021/05/26/,press release groups it with Aug 18; date per Dodger Blue table
Dodgers,MLB,2021,2021-08-18,Pirates,Replica 2020 World Series ring,giveaway|championship,,first 40000,,https://www.mlb.com/press-release/press-release-dodgers-announce-promotional-schedule-featuring-10-bobbleheads-and,
Dodgers,MLB,2021,2021-08-19,Mets,Clayton Kershaw world champion t-shirt,giveaway|star_player|championship,,first 40000,,https://dodgerblue.com/2021-dodgers-promotional-schedule-giveaways-max-muncy-ocean-justin-turner-bobblehead-mookie-betts-jersey-more/2021/05/26/,replaced the scheduled Trevor Bauer bobblehead
Dodgers,MLB,2021,2021-08-20,Mets,Friday Night Fireworks,fireworks,,,,https://dodgerblue.com/2021-dodgers-promotional-schedule-giveaways-max-muncy-ocean-justin-turner-bobblehead-mookie-betts-jersey-more/2021/05/26/,
Dodgers,MLB,2021,2021-08-22,Mets,Teachers Appreciation Night,theme|special_ticket,,,,https://dodgerblue.com/2021-dodgers-promotional-schedule-giveaways-max-muncy-ocean-justin-turner-bobblehead-mookie-betts-jersey-more/2021/05/26/,
Dodgers,MLB,2021,2021-08-27,Rockies,Friday Night Fireworks,fireworks,,,,https://dodgerblue.com/2021-dodgers-promotional-schedule-giveaways-max-muncy-ocean-justin-turner-bobblehead-mookie-betts-jersey-more/2021/05/26/,
Dodgers,MLB,2021,2021-08-29,Rockies,Viva Los Dodgers,theme,,,,https://dodgerblue.com/2021-dodgers-promotional-schedule-giveaways-max-muncy-ocean-justin-turner-bobblehead-mookie-betts-jersey-more/2021/05/26/,
Dodgers,MLB,2021,2021-08-30,Braves,Mookie Betts bobblehead,giveaway|star_player,,first 40000,,https://www.mlb.com/press-release/press-release-dodgers-announce-promotional-schedule-featuring-10-bobbleheads-and,
Dodgers,MLB,2021,2021-08-31,Braves,Filipino Heritage Night (ticket pack),theme|special_ticket,,,,https://dodgerblue.com/2021-dodgers-promotional-schedule-giveaways-max-muncy-ocean-justin-turner-bobblehead-mookie-betts-jersey-more/2021/05/26/,
Dodgers,MLB,2021,2021-09-01,Braves,Corey Seager bobblehead,giveaway|star_player,,first 40000,,https://www.mlb.com/press-release/press-release-dodgers-announce-promotional-schedule-featuring-10-bobbleheads-and,
Dodgers,MLB,2021,2021-09-10,Padres,Friday Night Fireworks,fireworks,,,,https://dodgerblue.com/2021-dodgers-promotional-schedule-giveaways-max-muncy-ocean-justin-turner-bobblehead-mookie-betts-jersey-more/2021/05/26/,
Dodgers,MLB,2021,2021-09-12,Padres,Viva Los Dodgers,theme,,,,https://dodgerblue.com/2021-dodgers-promotional-schedule-giveaways-max-muncy-ocean-justin-turner-bobblehead-mookie-betts-jersey-more/2021/05/26/,
Dodgers,MLB,2021,2021-09-13,Diamondbacks,Tommy Lasorda bobblehead,giveaway|star_player,,first 40000,,https://www.mlb.com/press-release/press-release-dodgers-announce-promotional-schedule-featuring-10-bobbleheads-and,
Dodgers,MLB,2021,2021-09-15,Diamondbacks,Fernando Valenzuela bobblehead,giveaway|star_player,,first 40000,,https://www.mlb.com/press-release/press-release-dodgers-announce-promotional-schedule-featuring-10-bobbleheads-and,
Dodgers,MLB,2021,2021-09-28,Padres,Julio Urías bobblehead,giveaway|star_player,,first 40000,,https://www.mlb.com/press-release/press-release-dodgers-announce-promotional-schedule-featuring-10-bobbleheads-and,
Dodgers,MLB,2021,2021-10-01,Brewers,Día de Los Dodgers (ticket pack bobblehead) + Friday Night Fireworks,theme|special_ticket|fireworks,,,,https://dodgerblue.com/2021-dodgers-promotional-schedule-giveaways-max-muncy-ocean-justin-turner-bobblehead-mookie-betts-jersey-more/2021/05/26/,
Dodgers,MLB,2021,2021-10-02,Brewers,La Gran Fiesta (Viva Los Dodgers),theme,,,,https://dodgerblue.com/2021-dodgers-promotional-schedule-giveaways-max-muncy-ocean-justin-turner-bobblehead-mookie-betts-jersey-more/2021/05/26/,
Dodgers,MLB,2021,2021-10-03,Brewers,Fan Appreciation Day,theme,,,,https://dodgerblue.com/2021-dodgers-promotional-schedule-giveaways-max-muncy-ocean-justin-turner-bobblehead-mookie-betts-jersey-more/2021/05/26/,
Dodgers,MLB,2022,2022-04-15,Reds,Jackie Robinson commemorative jersey (75th anniversary),giveaway|theme,,first 40000,,https://dodgerblue.com/2022-dodgers-promotional-schedule-giveaways-bobbleheads-jackie-robinson-jersey-taco-tuesday-more/2022/03/16,
Dodgers,MLB,2022,2022-04-15,Reds,Friday Night Fireworks,fireworks,,,,https://secretlosangeles.com/dodgers-mlb-schedule/,
Dodgers,MLB,2022,2022-04-16,Reds,Maury Wills bobblehead,giveaway|star_player,,first 40000,,https://dodgerblue.com/2022-dodgers-promotional-schedule-giveaways-bobbleheads-jackie-robinson-jersey-taco-tuesday-more/2022/03/16,
Dodgers,MLB,2022,2022-04-18,Braves,Will Smith bobblehead,giveaway|star_player,,first 40000,,https://dodgerblue.com/2022-dodgers-promotional-schedule-giveaways-bobbleheads-jackie-robinson-jersey-taco-tuesday-more/2022/03/16,
Dodgers,MLB,2022,2022-04-19,Braves,Hooded sweatshirt,giveaway,,first 40000,,https://dodgerblue.com/2022-dodgers-promotional-schedule-giveaways-bobbleheads-jackie-robinson-jersey-taco-tuesday-more/2022/03/16,
Dodgers,MLB,2022,2022-04-19,Braves,Taco Tuesday,theme,,,,https://dodgerblue.com/dodgers-promotions-2022-ticket-packages-theme-nights-dodger-stadium-taco-tuesday/2022/04/19/,
Dodgers,MLB,2022,2022-04-29,Tigers,UCLA Night (ticket pack item) + Friday Night Fireworks,theme|special_ticket|fireworks,UCLA Health,,,https://dodgerblue.com/dodgers-promotions-2022-ticket-packages-theme-nights-dodger-stadium-taco-tuesday/2022/04/19/,
Dodgers,MLB,2022,2022-04-30,Tigers,Kirk Gibson bobblehead,giveaway|star_player,,first 40000,,https://dodgerblue.com/2022-dodgers-promotional-schedule-giveaways-bobbleheads-jackie-robinson-jersey-taco-tuesday-more/2022/03/16,
Dodgers,MLB,2022,2022-05-01,Tigers,Teacher Appreciation Day (ticket pack t-shirt),theme|special_ticket,,,,https://dodgerblue.com/dodgers-promotions-2022-ticket-packages-theme-nights-dodger-stadium-taco-tuesday/2022/04/19/,
Dodgers,MLB,2022,2022-05-03,Giants,Taco Tuesday,theme,,,,https://dodgerblue.com/dodgers-promotions-2022-ticket-packages-theme-nights-dodger-stadium-taco-tuesday/2022/04/19/,
Dodgers,MLB,2022,2022-05-04,Giants,Star Wars Night (ticket pack knit cap),crossover|special_ticket,,,,https://dodgerblue.com/dodgers-promotions-2022-ticket-packages-theme-nights-dodger-stadium-taco-tuesday/2022/04/19/,
Dodgers,MLB,2022,2022-05-12,Phillies,Max Muncy bobblehead,giveaway|star_player,,first 40000,,https://dodgerblue.com/2022-dodgers-promotional-schedule-giveaways-bobbleheads-jackie-robinson-jersey-taco-tuesday-more/2022/03/16,
Dodgers,MLB,2022,2022-05-13,Phillies,USC Night (ticket pack item) + Friday Night Fireworks,theme|special_ticket|fireworks,,,,https://dodgerblue.com/dodgers-promotions-2022-ticket-packages-theme-nights-dodger-stadium-taco-tuesday/2022/04/19/,
Dodgers,MLB,2022,2022-05-14,Phillies,Don Drysdale bobblehead,giveaway|star_player,,first 40000,,https://dodgerblue.com/2022-dodgers-promotional-schedule-giveaways-bobbleheads-jackie-robinson-jersey-taco-tuesday-more/2022/03/16,
Dodgers,MLB,2022,2022-05-15,Phillies,Mental Health Awareness Day (ticket pack teddy bear),theme|special_ticket,LA County Department of Mental Health,,,https://dodgerblue.com/dodgers-promotions-2022-ticket-packages-theme-nights-dodger-stadium-taco-tuesday/2022/04/19/,
Dodgers,MLB,2022,2022-05-16,Diamondbacks,Walker Buehler bobblehead,giveaway|star_player,,first 40000,,https://dodgerblue.com/2022-dodgers-promotional-schedule-giveaways-bobbleheads-jackie-robinson-jersey-taco-tuesday-more/2022/03/16,
Dodgers,MLB,2022,2022-05-17,Diamondbacks (DH),Mexican Heritage Day (doubleheader; ticket pack jersey each game) + Taco Tuesday,theme|special_ticket,Advance Auto Parts,,,https://dodgerblue.com/dodgers-promotions-2022-ticket-packages-theme-nights-dodger-stadium-taco-tuesday/2022/04/19/,split doubleheader
Dodgers,MLB,2022,2022-05-30,Pirates,Military Appreciation Night (ticket pack item),theme|special_ticket,,,,https://dodgerblue.com/dodgers-promotions-2022-ticket-packages-theme-nights-dodger-stadium-taco-tuesday/2022/04/19/,
Dodgers,MLB,2022,2022-05-31,Pirates,Julio Urías bobblehead (City Connect uniform),giveaway|star_player,,first 40000,,https://dodgerblue.com/2022-dodgers-promotional-schedule-giveaways-bobbleheads-jackie-robinson-jersey-taco-tuesday-more/2022/03/16,
Dodgers,MLB,2022,2022-05-31,Pirates,Taco Tuesday,theme,,,,https://dodgerblue.com/dodgers-promotions-2022-ticket-packages-theme-nights-dodger-stadium-taco-tuesday/2022/04/19/,
Dodgers,MLB,2022,2022-06-01,Pirates,Firefighter Appreciation Night (ticket pack item),theme|special_ticket,,,,https://dodgerblue.com/dodgers-promotions-2022-ticket-packages-theme-nights-dodger-stadium-taco-tuesday/2022/04/19/,
Dodgers,MLB,2022,2022-06-02,Mets,Justin Turner jersey,giveaway|star_player,,first 40000,,https://dodgerblue.com/2022-dodgers-promotional-schedule-giveaways-bobbleheads-jackie-robinson-jersey-taco-tuesday-more/2022/03/16,
Dodgers,MLB,2022,2022-06-03,Mets,LGBTQ+ Pride Night (ticket pack t-shirt) + Friday Night Fireworks,theme|special_ticket|fireworks,Blue Shield of California,,,https://dodgerblue.com/dodgers-promotions-2022-ticket-packages-theme-nights-dodger-stadium-taco-tuesday/2022/04/19/,
Dodgers,MLB,2022,2022-06-04,Mets,Gil Hodges Hall of Fame bobblehead,giveaway|star_player,,first 40000,,https://dodgerblue.com/2022-dodgers-promotional-schedule-giveaways-bobbleheads-jackie-robinson-jersey-taco-tuesday-more/2022/03/16,
Dodgers,MLB,2022,2022-06-14,Angels,Taco Tuesday,theme,,,,https://dodgerblue.com/dodgers-promotions-2022-ticket-packages-theme-nights-dodger-stadium-taco-tuesday/2022/04/19/,
Dodgers,MLB,2022,2022-06-15,Angels,Japanese Heritage Night (ticket pack item),theme|special_ticket,,,,https://dodgerblue.com/dodgers-promotions-2022-ticket-packages-theme-nights-dodger-stadium-taco-tuesday/2022/04/19/,
Dodgers,MLB,2022,2022-06-17,Guardians,Black Heritage Night (ticket pack item) + Friday Night Fireworks,theme|special_ticket|fireworks,,,,https://dodgerblue.com/dodgers-promotions-2022-ticket-packages-theme-nights-dodger-stadium-taco-tuesday/2022/04/19/,May 26 release lists Black Heritage Night on Sept 19; may have moved
Dodgers,MLB,2022,2022-06-18,Guardians,Sandy Koufax replica statue,giveaway|star_player,,first 40000,,https://dodgerblue.com/2022-dodgers-promotional-schedule-giveaways-bobbleheads-jackie-robinson-jersey-taco-tuesday-more/2022/03/16,
Dodgers,MLB,2022,2022-06-19,Guardians,Bucket hat (Father's Day),giveaway,,first 40000,,https://dodgerblue.com/2022-dodgers-promotional-schedule-giveaways-bobbleheads-jackie-robinson-jersey-taco-tuesday-more/2022/03/16,
Dodgers,MLB,2022,2022-06-30,Padres,Trea Turner bobblehead,giveaway|star_player,,first 40000,,https://dodgerblue.com/2022-dodgers-promotional-schedule-giveaways-bobbleheads-jackie-robinson-jersey-taco-tuesday-more/2022/03/16,
Dodgers,MLB,2022,2022-07-02,Padres,Wristlet,giveaway,,first 40000,,https://dodgerblue.com/2022-dodgers-promotional-schedule-giveaways-bobbleheads-jackie-robinson-jersey-taco-tuesday-more/2022/03/16,
Dodgers,MLB,2022,2022-07-04,Rockies,Independence Day fireworks,fireworks,,,,https://www.mlb.com/press-release/press-release-dodgers-announce-promotional-schedule-and-single-game-ticket-sale-,
Dodgers,MLB,2022,2022-07-05,Rockies,Chris Taylor bobblehead,giveaway|star_player,,first 40000,,https://dodgerblue.com/2022-dodgers-promotional-schedule-giveaways-bobbleheads-jackie-robinson-jersey-taco-tuesday-more/2022/03/16,
Dodgers,MLB,2022,2022-07-05,Rockies,Taco Tuesday,theme,,,,https://dodgerblue.com/dodgers-promotions-2022-ticket-packages-theme-nights-dodger-stadium-taco-tuesday/2022/04/19/,
Dodgers,MLB,2022,2022-07-06,Rockies,Hello Kitty Night (ticket pack towel),crossover|special_ticket,,,,https://dodgerblue.com/dodgers-promotions-2022-ticket-packages-theme-nights-dodger-stadium-taco-tuesday/2022/04/19/,
Dodgers,MLB,2022,2022-07-07,Cubs,Filipino Heritage Night (ticket pack jersey),theme|special_ticket,,,,https://dodgerblue.com/dodgers-promotions-2022-ticket-packages-theme-nights-dodger-stadium-taco-tuesday/2022/04/19/,
Dodgers,MLB,2022,2022-07-21,Giants,Cody Bellinger bobblehead,giveaway|star_player,Jacoby & Meyers,first 40000,,https://www.mlb.com/press-release/press-release-dodgers-announce-second-half-of-promotional-schedule-and-special-e,
Dodgers,MLB,2022,2022-07-25,Nationals,Luau Night (ticket pack item),theme|special_ticket,,,,https://www.mlb.com/press-release/press-release-dodgers-announce-second-half-of-promotional-schedule-and-special-e,
Dodgers,MLB,2022,2022-07-26,Nationals,Clayton Kershaw bobblehead + Taco Tuesday,giveaway|star_player|theme,Security Benefit,first 40000,,https://www.mlb.com/press-release/press-release-dodgers-announce-second-half-of-promotional-schedule-and-special-e,
Dodgers,MLB,2022,2022-08-09,Twins,LAFC Night (ticket pack item) + Taco Tuesday,theme|special_ticket,,,,https://www.mlb.com/press-release/press-release-dodgers-announce-second-half-of-promotional-schedule-and-special-e,
Dodgers,MLB,2022,2022-08-10,Twins,Freddie Freeman bobblehead,giveaway|star_player,Spectrum,first 40000,,https://www.mlb.com/press-release/press-release-dodgers-announce-second-half-of-promotional-schedule-and-special-e,
Dodgers,MLB,2022,2022-08-19,Marlins,Korean Heritage Night (ticket pack item),theme|special_ticket,,,,https://www.mlb.com/press-release/press-release-dodgers-announce-second-half-of-promotional-schedule-and-special-e,
Dodgers,MLB,2022,2022-08-20,Marlins,Walker Buehler jersey,giveaway|star_player,Yaamava' Resort and Casino at San Manuel,first 40000,,https://www.mlb.com/press-release/press-release-dodgers-announce-second-half-of-promotional-schedule-and-special-e,
Dodgers,MLB,2022,2022-08-21,Marlins,Women's Day (ticket pack item),theme|special_ticket,,,,https://www.mlb.com/press-release/press-release-dodgers-announce-second-half-of-promotional-schedule-and-special-e,
Dodgers,MLB,2022,2022-08-22,Brewers,Law Enforcement Appreciation Night (ticket pack item),theme|special_ticket,,,,https://www.mlb.com/press-release/press-release-dodgers-announce-second-half-of-promotional-schedule-and-special-e,
Dodgers,MLB,2022,2022-08-23,Brewers,Replica World Series ring (random one of seven) + Taco Tuesday,giveaway|championship|theme,Budweiser,first 35000,,https://www.mlb.com/press-release/press-release-dodgers-announce-second-half-of-promotional-schedule-and-special-e,
Dodgers,MLB,2022,2022-08-24,Brewers,Lakers Night (ticket pack item),theme|special_ticket,,,,https://www.mlb.com/press-release/press-release-dodgers-announce-second-half-of-promotional-schedule-and-special-e,
Dodgers,MLB,2022,2022-09-05,Giants,Pups at the Park,theme,Lucy Pet Foods,,,https://www.mlb.com/press-release/press-release-dodgers-announce-second-half-of-promotional-schedule-and-special-e,
Dodgers,MLB,2022,2022-09-06,Giants,LA Rams Night + Taco Tuesday,theme,Delta Air Lines (Taco Tuesday),,,https://www.mlb.com/press-release/press-release-dodgers-announce-second-half-of-promotional-schedule-and-special-e,
Dodgers,MLB,2022,2022-09-19,Diamondbacks,Black Heritage Night (ticket pack item),theme|special_ticket,,,,https://www.mlb.com/press-release/press-release-dodgers-announce-second-half-of-promotional-schedule-and-special-e,see Jun 17 note
Dodgers,MLB,2022,2022-09-20,Diamondbacks (DH),Día de Los Dodgers (doubleheader; ticket pack item each game) + Taco Tuesday,theme|special_ticket,Hornitos Tequila,,,https://www.mlb.com/press-release/press-release-dodgers-announce-second-half-of-promotional-schedule-and-special-e,split doubleheader; LAD22c lists the Taco Tuesday as vs. Giants but the schedule shows Arizona
Dodgers,MLB,2022,2022-09-21,Diamondbacks,Kings Night (ticket pack item),theme|special_ticket,,,,https://www.mlb.com/press-release/press-release-dodgers-announce-second-half-of-promotional-schedule-and-special-e,
Dodgers,MLB,2022,2022-09-22,Diamondbacks,Dustin May bobblehead,giveaway|star_player,Yaamava' Resort and Casino at San Manuel,first 40000,,https://www.mlb.com/press-release/press-release-dodgers-announce-second-half-of-promotional-schedule-and-special-e,
Dodgers,MLB,2022,2022-09-23,Cardinals,Native American Heritage Night (ticket pack item),theme|special_ticket,The San Manuel Band of Mission Indians,,,https://www.mlb.com/press-release/press-release-dodgers-announce-second-half-of-promotional-schedule-and-special-e,
Dodgers,MLB,2022,2022-09-24,Cardinals,Austin Barnes bobblehead,giveaway|star_player,,first 40000,,https://www.mlb.com/press-release/press-release-dodgers-announce-second-half-of-promotional-schedule-and-special-e,
Dodgers,MLB,2022,2022-09-25,Cardinals,Cal State Dominguez Hills Day (ticket pack item),theme|special_ticket,,,,https://www.mlb.com/press-release/press-release-dodgers-announce-second-half-of-promotional-schedule-and-special-e,
Dodgers,MLB,2022,2022-09-30,Rockies,Elton John bobblehead,giveaway|celebrity,,,,https://www.mlb.com/dodgers/fans/bobbleheads/2022,listed on team bobblehead page only; not in stadium-wide releases so likely a ticket-pack item
Dodgers,MLB,2022,2022-10-01,Rockies,Jaime Jarrín commemorative pin + La Gran Fiesta (Viva Los Dodgers),giveaway|theme,Budweiser (pin); Coca-Cola/Budweiser/Spectrum (La Gran Fiesta),first 40000,,https://www.mlb.com/press-release/press-release-dodgers-announce-second-half-of-promotional-schedule-and-special-e,
Dodgers,MLB,2022,2022-10-02,Rockies,Fan Appreciation Day (in-game prizes),theme,,,,https://www.mlb.com/press-release/press-release-dodgers-announce-second-half-of-promotional-schedule-and-special-e,
Dodgers,MLB,2022,2022-10-03,Rockies,Mookie Betts bobblehead,giveaway|star_player,Spectrum,first 40000,,https://www.mlb.com/press-release/press-release-dodgers-announce-second-half-of-promotional-schedule-and-special-e,
Dodgers,MLB,2022,2022-10-04,Rockies,Justin Turner bobblehead,giveaway|star_player,,first 40000,,https://www.mlb.com/press-release/press-release-dodgers-announce-second-half-of-promotional-schedule-and-special-e,
Dodgers,MLB,2023,2023-03-31,Diamondbacks,Drone show (first ever at Dodger Stadium),fireworks,,,,https://dodgerblue.com/2023-dodgers-promotions-schedule-giveaways-drone-shows-bobblehead-dates-more/2023/01/24/,
Dodgers,MLB,2023,2023-04-01,Diamondbacks,Freddie Freeman bobblehead,giveaway|star_player,Bank of America,first 40000,,https://www.mlb.com/dodgers/press-release/press-release-dodgers-announce-2023-first-half-promotional-schedule-and-single-g,
Dodgers,MLB,2023,2023-04-03,Rockies,Julio Urías bobblehead,giveaway|star_player,Bank of America,first 40000,,https://www.mlb.com/dodgers/press-release/press-release-dodgers-announce-2023-first-half-promotional-schedule-and-single-g,
Dodgers,MLB,2023,2023-04-04,Rockies,Retro hooded sweatshirt,giveaway,,first 40000,,https://dodgerblue.com/2023-dodgers-promotions-schedule-giveaways-drone-shows-bobblehead-dates-more/2023/01/24/,
Dodgers,MLB,2023,2023-04-14,Cubs,Friday Night Fireworks,fireworks,,,,https://dodgerblue.com/2023-dodgers-promotions-schedule-giveaways-drone-shows-bobblehead-dates-more/2023/01/24/,
Dodgers,MLB,2023,2023-04-15,Cubs,Jackie Robinson Day 1947 home jersey,giveaway|theme,UCLA Health,first 40000,,https://www.mlb.com/dodgers/press-release/press-release-dodgers-announce-2023-first-half-promotional-schedule-and-single-g,
Dodgers,MLB,2023,2023-04-17,Mets,Hello Kitty Night (ticket pack item),crossover|special_ticket,,,,https://www.mlb.com/dodgers/press-release/press-release-dodgers-announce-2023-first-half-promotional-schedule-and-single-g,
Dodgers,MLB,2023,2023-04-18,Mets,Vin Scully jersey (anniversary of first broadcast),giveaway|theme,76,first 40000,,https://www.mlb.com/dodgers/press-release/press-release-dodgers-announce-2023-first-half-promotional-schedule-and-single-g,
Dodgers,MLB,2023,2023-04-28,Cardinals,Friday Night Fireworks,fireworks,,,,https://dodgerblue.com/2023-dodgers-promotions-schedule-giveaways-drone-shows-bobblehead-dates-more/2023/01/24/,
Dodgers,MLB,2023,2023-04-29,Cardinals,Manny Mota bobblehead,giveaway|star_player,,,,https://www.mlb.com/dodgers/fans/bobbleheads/2023,on team bobblehead page but not in either stadium-wide release; may have been a ticket-pack item
Dodgers,MLB,2023,2023-05-01,Phillies,Dustin May bobblehead,giveaway|star_player,Security Benefit,first 40000,,https://www.mlb.com/dodgers/press-release/press-release-dodgers-announce-2023-first-half-promotional-schedule-and-single-g,
Dodgers,MLB,2023,2023-05-02,Phillies,Star Wars Night (ticket pack item),crossover|special_ticket,,,,https://www.mlb.com/dodgers/press-release/press-release-dodgers-announce-2023-first-half-promotional-schedule-and-single-g,
Dodgers,MLB,2023,2023-05-12,Padres,Drone show,fireworks,,,,https://dodgerblue.com/2023-dodgers-promotions-schedule-giveaways-drone-shows-bobblehead-dates-more/2023/01/24/,
Dodgers,MLB,2023,2023-05-14,Padres,Custom picture frame (Mother's Day),giveaway,,first 40000,,https://dodgerblue.com/2023-dodgers-promotions-schedule-giveaways-drone-shows-bobblehead-dates-more/2023/01/24/,"source says ""Mother's Day""; date is Mother's Day 2023"
Dodgers,MLB,2023,2023-05-15,Twins,Mookie Betts bobblehead,giveaway|star_player,Budweiser,first 40000,,https://www.mlb.com/dodgers/press-release/press-release-dodgers-announce-2023-first-half-promotional-schedule-and-single-g,
Dodgers,MLB,2023,2023-05-16,Twins,Mexican Heritage Night (ticket pack item),theme|special_ticket,Advance Auto Parts,,,https://www.mlb.com/dodgers/press-release/press-release-dodgers-announce-2023-first-half-promotional-schedule-and-single-g,
Dodgers,MLB,2023,2023-05-30,Nationals,Julio Urías City Connect jersey,giveaway|star_player,,first 40000,,https://dodgerblue.com/2023-dodgers-promotions-schedule-giveaways-drone-shows-bobblehead-dates-more/2023/01/24/,
Dodgers,MLB,2023,2023-06-13,White Sox,Will Smith bobblehead,giveaway|star_player,,first 40000,,https://www.mlb.com/dodgers/press-release/press-release-dodgers-announce-2023-first-half-promotional-schedule-and-single-g,
Dodgers,MLB,2023,2023-06-14,White Sox,Black Heritage Night (ticket pack item),theme|special_ticket,,,,https://www.mlb.com/dodgers/press-release/press-release-dodgers-announce-2023-first-half-promotional-schedule-and-single-g,
Dodgers,MLB,2023,2023-06-15,White Sox,Clayton Kershaw bobblehead,giveaway|star_player,Spectrum,first 40000,,https://www.mlb.com/dodgers/press-release/press-release-dodgers-announce-2023-first-half-promotional-schedule-and-single-g,
Dodgers,MLB,2023,2023-06-16,Giants,Pride Night (ticket pack item) + drone show,theme|special_ticket|fireworks,Blue Shield,,,https://www.mlb.com/dodgers/press-release/press-release-dodgers-announce-2023-first-half-promotional-schedule-and-single-g,
Dodgers,MLB,2023,2023-06-18,Giants,Bucket hat (Father's Day),giveaway,,first 40000,,https://dodgerblue.com/2023-dodgers-promotions-schedule-giveaways-drone-shows-bobblehead-dates-more/2023/01/24/,"source says ""Father's Day""; date is Father's Day 2023"
Dodgers,MLB,2023,2023-06-23,Astros,Friday Night Fireworks,fireworks,,,,https://dodgerblue.com/2023-dodgers-promotions-schedule-giveaways-drone-shows-bobblehead-dates-more/2023/01/24/,
Dodgers,MLB,2023,2023-07-03,Pirates,Gavin Lux bobblehead,giveaway|star_player,Security Benefit,first 40000,,https://www.mlb.com/press-release/press-release-dodgers-unveil-second-half-of-promotional-schedule-and-special-eve,
Dodgers,MLB,2023,2023-07-04,Pirates,Independence Day fireworks,fireworks,California Pizza Kitchen,,,https://www.mlb.com/press-release/press-release-dodgers-unveil-second-half-of-promotional-schedule-and-special-eve,
Dodgers,MLB,2023,2023-07-05,Pirates,Luau Night (ticket pack item),theme|special_ticket,,,,https://www.mlb.com/press-release/press-release-dodgers-unveil-second-half-of-promotional-schedule-and-special-eve,
Dodgers,MLB,2023,2023-07-06,Pirates,Tony Gonsolin bobblehead,giveaway|star_player,76,first 40000,,https://www.mlb.com/press-release/press-release-dodgers-unveil-second-half-of-promotional-schedule-and-special-eve,
Dodgers,MLB,2023,2023-07-07,Angels,Drone show,fireworks,California Pizza Kitchen,,,https://www.mlb.com/press-release/press-release-dodgers-unveil-second-half-of-promotional-schedule-and-special-eve,
Dodgers,MLB,2023,2023-07-08,Angels,Japanese Heritage Night (ticket pack item),theme|special_ticket,,,,https://www.mlb.com/press-release/press-release-dodgers-unveil-second-half-of-promotional-schedule-and-special-eve,
Dodgers,MLB,2023,2023-07-24,Blue Jays,Los Angeles Kings Night (ticket pack item),theme|special_ticket,,,,https://www.mlb.com/press-release/press-release-dodgers-unveil-second-half-of-promotional-schedule-and-special-eve,
Dodgers,MLB,2023,2023-07-25,Blue Jays,Max Muncy bobblehead,giveaway|star_player,Budweiser,first 40000,,https://www.mlb.com/press-release/press-release-dodgers-unveil-second-half-of-promotional-schedule-and-special-eve,
Dodgers,MLB,2023,2023-07-28,Reds,Friday Night Fireworks,fireworks,California Pizza Kitchen,,,https://www.mlb.com/press-release/press-release-dodgers-unveil-second-half-of-promotional-schedule-and-special-eve,
Dodgers,MLB,2023,2023-07-29,Reds,Orel Hershiser Legends bobblehead,giveaway|star_player,Bank of America,first 40000,,https://www.mlb.com/press-release/press-release-dodgers-unveil-second-half-of-promotional-schedule-and-special-eve,
Dodgers,MLB,2023,2023-07-30,Reds,Topps trading cards + Christian Faith and Family Day,giveaway|theme,Topps,first 40000,,https://www.mlb.com/press-release/press-release-dodgers-unveil-second-half-of-promotional-schedule-and-special-eve,
Dodgers,MLB,2023,2023-08-01,Athletics,Tommy Lasorda 1988 World Series ring replica,giveaway|championship|star_player,Security Benefit,first 40000,,https://www.mlb.com/press-release/press-release-dodgers-unveil-second-half-of-promotional-schedule-and-special-eve,
Dodgers,MLB,2023,2023-08-02,Athletics,Filipino Heritage Night (ticket pack item),theme|special_ticket,,,,https://www.mlb.com/press-release/press-release-dodgers-unveil-second-half-of-promotional-schedule-and-special-eve,
Dodgers,MLB,2023,2023-08-03,Athletics,Hello Kitty bobblehead,giveaway|crossover,,first 40000,,https://www.mlb.com/press-release/press-release-dodgers-unveil-second-half-of-promotional-schedule-and-special-eve,stadium-wide (not ticket pack)
Dodgers,MLB,2023,2023-08-10,Rockies,Caleb Williams Heisman Trophy bobblehead,giveaway|celebrity,,first 40000,,https://www.mlb.com/press-release/press-release-dodgers-unveil-second-half-of-promotional-schedule-and-special-eve,USC quarterback
Dodgers,MLB,2023,2023-08-11,Rockies,Fernando Valenzuela jersey retirement ceremony + drone show,theme|fireworks,Yaamava' Resort and Casino at San Manuel,,,https://www.mlb.com/press-release/press-release-dodgers-unveil-second-half-of-promotional-schedule-and-special-eve,
Dodgers,MLB,2023,2023-08-12,Rockies,Fernando Valenzuela bobblehead,giveaway|star_player,Yaamava' Resort and Casino at San Manuel,first 40000,,https://www.mlb.com/press-release/press-release-dodgers-unveil-second-half-of-promotional-schedule-and-special-eve,
Dodgers,MLB,2023,2023-08-13,Rockies,Fernando Valenzuela 1981 World Series ring replica,giveaway|championship|star_player,Yaamava' Resort and Casino at San Manuel,first 40000,,https://www.mlb.com/press-release/press-release-dodgers-unveil-second-half-of-promotional-schedule-and-special-eve,
Dodgers,MLB,2023,2023-08-15,Brewers,Mexican Heritage Night (ticket pack item),theme|special_ticket,Advance Auto Parts,,,https://www.mlb.com/press-release/press-release-dodgers-unveil-second-half-of-promotional-schedule-and-special-eve,second Mexican Heritage Night of 2023 (also May 16)
Dodgers,MLB,2023,2023-08-16,Brewers,J.D. Martinez bobblehead,giveaway|star_player,Chef Merito,first 40000,,https://www.mlb.com/press-release/press-release-dodgers-unveil-second-half-of-promotional-schedule-and-special-eve,
Dodgers,MLB,2023,2023-08-17,Brewers,Korean Heritage Night (ticket pack item),theme|special_ticket,,,,https://www.mlb.com/press-release/press-release-dodgers-unveil-second-half-of-promotional-schedule-and-special-eve,
Dodgers,MLB,2023,2023-08-18,Marlins,Women's Night (ticket pack item) + Friday Night Fireworks,theme|special_ticket|fireworks,California Pizza Kitchen (fireworks),,,https://www.mlb.com/press-release/press-release-dodgers-unveil-second-half-of-promotional-schedule-and-special-eve,
Dodgers,MLB,2023,2023-08-19,Marlins (DH),"LeBron James ""King James"" bobblehead",giveaway|celebrity,,first 40000,,https://www.mlb.com/press-release/press-release-dodgers-unveil-second-half-of-promotional-schedule-and-special-eve,
Dodgers,MLB,2023,2023-08-28,Diamondbacks,Law Enforcement Night (ticket pack item),theme|special_ticket,,,,https://www.mlb.com/press-release/press-release-dodgers-unveil-second-half-of-promotional-schedule-and-special-eve,
Dodgers,MLB,2023,2023-08-29,Diamondbacks,Chris Taylor bobblehead + Cal State LA Night (ticket pack),giveaway|star_player|theme|special_ticket,Spectrum,first 40000,,https://www.mlb.com/press-release/press-release-dodgers-unveil-second-half-of-promotional-schedule-and-special-eve,
Dodgers,MLB,2023,2023-08-30,Diamondbacks,Salvadoran Heritage Night (ticket pack item),theme|special_ticket,,,,https://www.mlb.com/press-release/press-release-dodgers-unveil-second-half-of-promotional-schedule-and-special-eve,
Dodgers,MLB,2023,2023-08-31,Braves,James Outman / Miguel Vargas rookie bobblehead + Cal State Dominguez Hills Night (ticket pack),giveaway|star_player|theme|special_ticket,Budweiser,first 40000,,https://www.mlb.com/press-release/press-release-dodgers-unveil-second-half-of-promotional-schedule-and-special-eve,
Dodgers,MLB,2023,2023-09-01,Braves,Lakers Night (ticket pack item) + Friday Night Fireworks,theme|special_ticket|fireworks,California Pizza Kitchen (fireworks),,,https://www.mlb.com/press-release/press-release-dodgers-unveil-second-half-of-promotional-schedule-and-special-eve,
Dodgers,MLB,2023,2023-09-02,Braves,Austin Barnes bobblehead + Cal State Northridge Night (ticket pack),giveaway|star_player|theme|special_ticket,Yaamava' Resort and Casino at San Manuel,first 40000,,https://www.mlb.com/press-release/press-release-dodgers-unveil-second-half-of-promotional-schedule-and-special-eve,
Dodgers,MLB,2023,2023-09-03,Braves,Los Angeles Rams Day (ticket pack item),theme|special_ticket,,,,https://www.mlb.com/press-release/press-release-dodgers-unveil-second-half-of-promotional-schedule-and-special-eve,
Dodgers,MLB,2023,2023-09-11,Padres,Firefighter Appreciation Night (ticket pack item),theme|special_ticket,,,,https://www.mlb.com/press-release/press-release-dodgers-unveil-second-half-of-promotional-schedule-and-special-eve,
Dodgers,MLB,2023,2023-09-12,Padres,Freddie Freeman jersey,giveaway|star_player,Bank of America,first 40000,,https://www.mlb.com/press-release/press-release-dodgers-unveil-second-half-of-promotional-schedule-and-special-eve,
Dodgers,MLB,2023,2023-09-13,Padres,Dave Roberts bobblehead + Angel City FC Night (ticket pack),giveaway|star_player|theme|special_ticket,Mastercard,first 40000,,https://www.mlb.com/press-release/press-release-dodgers-unveil-second-half-of-promotional-schedule-and-special-eve,
Dodgers,MLB,2023,2023-09-18,Tigers,Armenian Heritage Night (ticket pack item),theme|special_ticket,Yaamava',,,https://www.mlb.com/press-release/press-release-dodgers-unveil-second-half-of-promotional-schedule-and-special-eve,
Dodgers,MLB,2023,2023-09-19,Tigers,Día de Los Dodgers Night (ticket pack item),theme|special_ticket,Hornitos,,,https://www.mlb.com/press-release/press-release-dodgers-unveil-second-half-of-promotional-schedule-and-special-eve,
Dodgers,MLB,2023,2023-09-20,Tigers,Guatemalan Heritage Night (ticket pack item),theme|special_ticket,,,,https://www.mlb.com/press-release/press-release-dodgers-unveil-second-half-of-promotional-schedule-and-special-eve,
Dodgers,MLB,2023,2023-09-22,Giants,Joe Kelly mariachi bobblehead + Nurses Appreciation Night (ticket pack) + drone show,giveaway|star_player|theme|special_ticket|fireworks,California Pizza Kitchen (drone show),,,https://www.mlb.com/dodgers/fans/bobbleheads/2023,bobblehead added mid-season; nurses night and drone show from LAD23b
Dodgers,MLB,2023,2023-09-23,Giants,Union Night (ticket pack item),theme|special_ticket,,,,https://www.mlb.com/press-release/press-release-dodgers-unveil-second-half-of-promotional-schedule-and-special-eve,
Dodgers,MLB,2024,2024-03-28,Cardinals,Opening Day,theme,Bank of America,,,https://www.mlb.com/press-release/press-release-dodgers-announce-2024-promotional-schedule-and-single-game-tickets-will-go-on-sale-friday-february-2,
Dodgers,MLB,2024,2024-03-29,Cardinals,Drone show,fireworks,,,,https://www.mlb.com/press-release/press-release-dodgers-announce-2024-promotional-schedule-and-single-game-tickets-will-go-on-sale-friday-february-2,first of 10 Friday drone shows (other dates not itemized in sources)
Dodgers,MLB,2024,2024-03-30,Cardinals,Freddie Freeman bobblehead,giveaway|star_player,Bank of America,first 40000,,https://www.mlb.com/press-release/press-release-dodgers-announce-2024-promotional-schedule-and-single-game-tickets-will-go-on-sale-friday-february-2,
Dodgers,MLB,2024,2024-04-01,Giants,Fernando Valenzuela jersey,giveaway|star_player,Bank of America,first 40000,,https://www.mlb.com/press-release/press-release-dodgers-announce-2024-promotional-schedule-and-single-game-tickets-will-go-on-sale-friday-february-2,
Dodgers,MLB,2024,2024-04-03,Giants,Hooded sweatshirt,giveaway,Bank of America,first 40000,,https://www.mlb.com/press-release/press-release-dodgers-announce-2024-promotional-schedule-and-single-game-tickets-will-go-on-sale-friday-february-2,
Dodgers,MLB,2024,2024-04-13,Padres,Brusdar Graterol bobblehead,giveaway|star_player,Yaamava' Resort and Casino,first 40000,,https://www.mlb.com/press-release/press-release-dodgers-announce-2024-promotional-schedule-and-single-game-tickets-will-go-on-sale-friday-february-2,
Dodgers,MLB,2024,2024-04-15,Nationals,Brooklyn logo cap (Jackie Robinson Night),giveaway|theme,UCLA Health,first 40000,,https://www.mlb.com/press-release/press-release-dodgers-announce-2024-promotional-schedule-and-single-game-tickets-will-go-on-sale-friday-february-2,
Dodgers,MLB,2024,2024-04-16,Nationals,Hello Kitty Night (ticket pack),crossover|special_ticket,,,,https://www.mlb.com/press-release/press-release-dodgers-announce-2024-promotional-schedule-and-single-game-tickets-will-go-on-sale-friday-february-2,
Dodgers,MLB,2024,2024-04-20,Mets,Walker Buehler bobblehead,giveaway|star_player,Bank of America,first 40000,,https://www.mlb.com/press-release/press-release-dodgers-announce-2024-promotional-schedule-and-single-game-tickets-will-go-on-sale-friday-february-2,
Dodgers,MLB,2024,2024-05-03,Braves,Law Enforcement Night (ticket pack),theme|special_ticket,,,,https://www.mlb.com/press-release/press-release-dodgers-announce-2024-promotional-schedule-and-single-game-tickets-will-go-on-sale-friday-february-2,
Dodgers,MLB,2024,2024-05-04,Braves,Mental Health Night (ticket pack),theme|special_ticket,LA County Department of Mental Health,,,https://www.mlb.com/press-release/press-release-dodgers-announce-2024-promotional-schedule-and-single-game-tickets-will-go-on-sale-friday-february-2,
Dodgers,MLB,2024,2024-05-06,Marlins,Star Wars Night (ticket pack),crossover|special_ticket,,,,https://www.mlb.com/press-release/press-release-dodgers-announce-2024-promotional-schedule-and-single-game-tickets-will-go-on-sale-friday-february-2,
Dodgers,MLB,2024,2024-05-07,Marlins,Mexican Heritage Night (ticket pack),theme|special_ticket,Advance Auto Parts,,,https://www.mlb.com/press-release/press-release-dodgers-announce-2024-promotional-schedule-and-single-game-tickets-will-go-on-sale-friday-february-2,
Dodgers,MLB,2024,2024-05-16,Reds,Shohei Ohtani bobblehead,giveaway|star_player,Guggenheim,first 40000,,https://www.mlb.com/press-release/press-release-dodgers-announce-2024-promotional-schedule-and-single-game-tickets-will-go-on-sale-friday-february-2,
Dodgers,MLB,2024,2024-05-18,Reds,Will Smith bobblehead,giveaway|star_player,Security Benefit,first 40000,,https://www.mlb.com/press-release/press-release-dodgers-announce-2024-promotional-schedule-and-single-game-tickets-will-go-on-sale-friday-february-2,
Dodgers,MLB,2024,2024-05-19,Reds,Teachers Day (ticket pack),theme|special_ticket,,,,https://www.mlb.com/press-release/press-release-dodgers-announce-2024-promotional-schedule-and-single-game-tickets-will-go-on-sale-friday-february-2,
Dodgers,MLB,2024,2024-05-20,Diamondbacks,Hawaiian Shirt Night (ticket pack),theme|special_ticket,,,,https://www.mlb.com/press-release/press-release-dodgers-announce-2024-promotional-schedule-and-single-game-tickets-will-go-on-sale-friday-february-2,
Dodgers,MLB,2024,2024-05-21,Diamondbacks,Mookie Betts bobblehead,giveaway|star_player,Spectrum,first 40000,,https://www.mlb.com/press-release/press-release-dodgers-announce-2024-promotional-schedule-and-single-game-tickets-will-go-on-sale-friday-february-2,
Dodgers,MLB,2024,2024-05-22,Diamondbacks,Korean Heritage Night (ticket pack),theme|special_ticket,,,,https://www.mlb.com/press-release/press-release-dodgers-announce-2024-promotional-schedule-and-single-game-tickets-will-go-on-sale-friday-february-2,
Dodgers,MLB,2024,2024-05-31,Rockies,Military Appreciation Night (ticket pack),theme|special_ticket,,,,https://www.mlb.com/press-release/press-release-dodgers-announce-2024-promotional-schedule-and-single-game-tickets-will-go-on-sale-friday-february-2,
Dodgers,MLB,2024,2024-06-01,Rockies,Tyler Glasnow bobblehead,giveaway|star_player,76,first 40000,,https://www.mlb.com/press-release/press-release-dodgers-announce-2024-promotional-schedule-and-single-game-tickets-will-go-on-sale-friday-february-2,
Dodgers,MLB,2024,2024-06-02,Rockies,Pups in the Park (ticket pack),theme|special_ticket,Tavo,,,https://www.mlb.com/press-release/press-release-dodgers-announce-2024-promotional-schedule-and-single-game-tickets-will-go-on-sale-friday-february-2,
Dodgers,MLB,2024,2024-06-11,Rangers,Joe Kelly No. 99 home jersey,giveaway|star_player,,first 40000,,https://www.mlb.com/press-release/press-release-dodgers-announce-2024-promotional-schedule-and-single-game-tickets-will-go-on-sale-friday-february-2,
Dodgers,MLB,2024,2024-06-13,Rangers,Yoshinobu Yamamoto bobblehead,giveaway|star_player,,first 40000,,https://www.mlb.com/press-release/press-release-dodgers-announce-2024-promotional-schedule-and-single-game-tickets-will-go-on-sale-friday-february-2,
Dodgers,MLB,2024,2024-06-14,Royals,Pride Night (ticket pack),theme|special_ticket,Blue Shield of California,,,https://www.mlb.com/press-release/press-release-dodgers-announce-2024-promotional-schedule-and-single-game-tickets-will-go-on-sale-friday-february-2,
Dodgers,MLB,2024,2024-06-15,Royals,Black Heritage Night (ticket pack),theme|special_ticket,,,,https://www.mlb.com/press-release/press-release-dodgers-announce-2024-promotional-schedule-and-single-game-tickets-will-go-on-sale-friday-february-2,
Dodgers,MLB,2024,2024-06-16,Royals,Father's Day straw hat,giveaway,Security Benefit,first 40000,,https://www.mlb.com/press-release/press-release-dodgers-announce-2024-promotional-schedule-and-single-game-tickets-will-go-on-sale-friday-february-2,
Dodgers,MLB,2024,2024-07-02,Diamondbacks,Japanese Heritage Night (ticket pack),theme|special_ticket,,,,https://www.mlb.com/press-release/press-release-dodgers-announce-2024-promotional-schedule-and-single-game-tickets-will-go-on-sale-friday-february-2,
Dodgers,MLB,2024,2024-07-03,Diamondbacks,Bobby Miller bobblehead,giveaway|star_player,,first 40000,,https://www.mlb.com/press-release/press-release-dodgers-announce-2024-promotional-schedule-and-single-game-tickets-will-go-on-sale-friday-february-2,
Dodgers,MLB,2024,2024-07-04,Diamondbacks,Independence Day fireworks,fireworks,Budweiser,,,https://www.mlb.com/press-release/press-release-dodgers-announce-2024-promotional-schedule-and-single-game-tickets-will-go-on-sale-friday-february-2,
Dodgers,MLB,2024,2024-07-06,Brewers,Jason Heyward City Connect bobblehead,giveaway|star_player,76,first 40000,,https://www.mlb.com/press-release/press-release-dodgers-announce-2024-promotional-schedule-and-single-game-tickets-will-go-on-sale-friday-february-2,
Dodgers,MLB,2024,2024-07-22,Giants,Willie Mays ceremony + Shohei Ohtani hat,giveaway|star_player,Vantelin,first 40000,,https://nbclosangeles.com/news/sports/dodgers-second-half-promotions-schedule/3464627,
Dodgers,MLB,2024,2024-07-24,Giants,Kiké Hernández bobblehead,giveaway|star_player,Budweiser,first 40000,,https://nbclosangeles.com/news/sports/dodgers-second-half-promotions-schedule/3464627,
Dodgers,MLB,2024,2024-08-06,Phillies,Armenian Heritage Night (ticket pack),theme|special_ticket,,,,https://nbclosangeles.com/news/sports/dodgers-second-half-promotions-schedule/3464627,
Dodgers,MLB,2024,2024-08-07,Phillies,Sandy Koufax bobblehead,giveaway|star_player,Spectrum,first 40000,,https://nbclosangeles.com/news/sports/dodgers-second-half-promotions-schedule/3464627,
Dodgers,MLB,2024,2024-08-09,Pirates,Dusty Baker Legends bobblehead (Alumni Weekend),giveaway|star_player,Bank of America,first 40000,,https://www.mlb.com/press-release/press-release-dodgers-announce-2024-promotional-schedule-and-single-game-tickets-will-go-on-sale-friday-february-2,Alumni Weekend Aug 9-11
Dodgers,MLB,2024,2024-08-11,Pirates,Matt Kemp bobblehead,giveaway|star_player,Budweiser,first 40000,,https://nbclosangeles.com/news/sports/dodgers-second-half-promotions-schedule/3464627,
Dodgers,MLB,2024,2024-08-19,Mariners,Hello Kitty Night (ticket pack),crossover|special_ticket,,,,https://nbclosangeles.com/news/sports/dodgers-second-half-promotions-schedule/3464627,
Dodgers,MLB,2024,2024-08-20,Mariners,Teoscar Hernández bobblehead,giveaway|star_player,INABA,first 40000,,https://nbclosangeles.com/news/sports/dodgers-second-half-promotions-schedule/3464627,
Dodgers,MLB,2024,2024-08-21,Mariners,LA Kings Night (ticket pack),theme|special_ticket,,,,https://nbclosangeles.com/news/sports/dodgers-second-half-promotions-schedule/3464627,
Dodgers,MLB,2024,2024-08-24,Rays,Lakers Showtime T-shirt Night,theme|special_ticket,,,,https://nbclosangeles.com/news/sports/dodgers-second-half-promotions-schedule/3464627,source does not say stadium-wide vs ticket pack
Dodgers,MLB,2024,2024-08-25,Rays,Kobe Bryant jersey night,theme|celebrity,,,,https://nbclosangeles.com/news/sports/dodgers-second-half-promotions-schedule/3464627,source does not say stadium-wide vs ticket pack
Dodgers,MLB,2024,2024-08-27,Orioles,Salvadoran Heritage Night (ticket pack),theme|special_ticket,,,,https://nbclosangeles.com/news/sports/dodgers-second-half-promotions-schedule/3464627,
Dodgers,MLB,2024,2024-08-28,Orioles,Shohei Ohtani bobblehead,giveaway|star_player,DAISO,first 40000,,https://nbclosangeles.com/news/sports/dodgers-second-half-promotions-schedule/3464627,
Dodgers,MLB,2024,2024-08-29,Orioles,Filipino Heritage Night (ticket pack),theme|special_ticket,,,,https://nbclosangeles.com/news/sports/dodgers-second-half-promotions-schedule/3464627,
Dodgers,MLB,2024,2024-09-07,Guardians,Evan Phillips bobblehead + Union Night (ticket pack),giveaway|star_player|theme|special_ticket,76,first 40000,,https://nbclosangeles.com/news/sports/dodgers-second-half-promotions-schedule/3464627,
Dodgers,MLB,2024,2024-09-09,Cubs,Nurses Night (ticket pack),theme|special_ticket,,,,https://nbclosangeles.com/news/sports/dodgers-second-half-promotions-schedule/3464627,
Dodgers,MLB,2024,2024-09-10,Cubs,Guatemalan Heritage Night (ticket pack),theme|special_ticket,,,,https://nbclosangeles.com/news/sports/dodgers-second-half-promotions-schedule/3464627,
Dodgers,MLB,2024,2024-09-11,Cubs,Max Muncy bobblehead,giveaway|star_player,Lexus,first 40000,,https://nbclosangeles.com/news/sports/dodgers-second-half-promotions-schedule/3464627,
Dodgers,MLB,2024,2024-09-21,Rockies,La Gran Fiesta,theme,Coca-Cola / Budweiser,,,https://nbclosangeles.com/news/sports/dodgers-second-half-promotions-schedule/3464627,
Dodgers,MLB,2024,2024-09-22,Rockies,Firefighter Appreciation Night (ticket pack),theme|special_ticket,,,,https://nbclosangeles.com/news/sports/dodgers-second-half-promotions-schedule/3464627,
Dodgers,MLB,2024,2024-09-24,Padres,Día de Los Dodgers Night (ticket pack),theme|special_ticket,Hornitos,,,https://nbclosangeles.com/news/sports/dodgers-second-half-promotions-schedule/3464627,
Dodgers,MLB,2024,2024-09-25,Padres,Clayton Kershaw bobblehead,giveaway|star_player,AMPM,first 40000,,https://nbclosangeles.com/news/sports/dodgers-second-half-promotions-schedule/3464627,
Angels,MLB,2022,2022-04-07,Astros,Home opener wall calendar,giveaway,,,,https://crashingthepearlygates.com/2021/11/26/2022-angels-stadium-giveaways-your-guide-to-the-fan-swag-of-anaheim/,preseason fan-site list (Nov 2021); quantity not given (team standard is first 25000)
Angels,MLB,2022,2022-04-08,Astros,Shohei Ohtani Historic Season bobblehead,giveaway|star_player,,,,https://crashingthepearlygates.com/2021/11/26/2022-angels-stadium-giveaways-your-guide-to-the-fan-swag-of-anaheim/,
Angels,MLB,2022,2022-04-22,Orioles,Cooler bag,giveaway,,,,https://crashingthepearlygates.com/2021/11/26/2022-angels-stadium-giveaways-your-guide-to-the-fan-swag-of-anaheim/,
Angels,MLB,2022,2022-04-23,Orioles,Roll-up blanket,giveaway,,,,https://crashingthepearlygates.com/2021/11/26/2022-angels-stadium-giveaways-your-guide-to-the-fan-swag-of-anaheim/,
Angels,MLB,2022,2022-05-06,Nationals,Anthony Rendon t-shirt,giveaway|star_player,,,,https://crashingthepearlygates.com/2021/11/26/2022-angels-stadium-giveaways-your-guide-to-the-fan-swag-of-anaheim/,
Angels,MLB,2022,2022-05-08,Nationals,Mother's Day tote bag,giveaway,,,,https://crashingthepearlygates.com/2021/11/26/2022-angels-stadium-giveaways-your-guide-to-the-fan-swag-of-anaheim/,
Angels,MLB,2022,2022-05-10,Rays,Shohei Ohtani MVP bobblehead,giveaway|star_player,,,,https://crashingthepearlygates.com/2021/11/26/2022-angels-stadium-giveaways-your-guide-to-the-fan-swag-of-anaheim/,
Angels,MLB,2022,2022-05-20,Athletics,Cowbell,giveaway,,,,https://crashingthepearlygates.com/2021/11/26/2022-angels-stadium-giveaways-your-guide-to-the-fan-swag-of-anaheim/,
Angels,MLB,2022,2022-05-27,Blue Jays,Ohtani-Wan Kenobi bobblehead (Star Wars Night),giveaway|crossover|star_player,,,,https://crashingthepearlygates.com/2021/11/26/2022-angels-stadium-giveaways-your-guide-to-the-fan-swag-of-anaheim/,
Angels,MLB,2022,2022-06-10,Mets,Rope hat,giveaway,,,,https://crashingthepearlygates.com/2021/11/26/2022-angels-stadium-giveaways-your-guide-to-the-fan-swag-of-anaheim/,
Angels,MLB,2022,2022-06-22,Royals,2002 World Series anniversary long-sleeve shirt,giveaway|championship,,,,https://crashingthepearlygates.com/2021/11/26/2022-angels-stadium-giveaways-your-guide-to-the-fan-swag-of-anaheim/,
Angels,MLB,2022,2022-06-26,Mariners,Shohei Ohtani snow globe,giveaway|star_player,,,,https://crashingthepearlygates.com/2021/11/26/2022-angels-stadium-giveaways-your-guide-to-the-fan-swag-of-anaheim/,
Angels,MLB,2022,2022-06-28,White Sox,Cup set,giveaway,,,,https://crashingthepearlygates.com/2021/11/26/2022-angels-stadium-giveaways-your-guide-to-the-fan-swag-of-anaheim/,
Angels,MLB,2022,2022-07-29,Rangers,'80s Mike Trout tank top jersey,giveaway|star_player,,,,https://crashingthepearlygates.com/2021/11/26/2022-angels-stadium-giveaways-your-guide-to-the-fan-swag-of-anaheim/,
Angels,MLB,2022,2022-08-12,Twins,Clear backpack,giveaway,,,,https://crashingthepearlygates.com/2021/11/26/2022-angels-stadium-giveaways-your-guide-to-the-fan-swag-of-anaheim/,
Angels,MLB,2022,2022-08-13,Twins,Shohei Ohtani hat,giveaway|star_player,,,,https://crashingthepearlygates.com/2021/11/26/2022-angels-stadium-giveaways-your-guide-to-the-fan-swag-of-anaheim/,
Angels,MLB,2022,2022-09-02,Astros,Hockey helmet beanie,giveaway,,,,https://crashingthepearlygates.com/2021/11/26/2022-angels-stadium-giveaways-your-guide-to-the-fan-swag-of-anaheim/,
Angels,MLB,2022,2022-09-16,Mariners,Mike Trout bobblehead,giveaway|star_player,,,,https://crashingthepearlygates.com/2021/11/26/2022-angels-stadium-giveaways-your-guide-to-the-fan-swag-of-anaheim/,
Angels,MLB,2022,2022-09-30,Rangers,Clear tote bag,giveaway,,,,https://crashingthepearlygates.com/2021/11/26/2022-angels-stadium-giveaways-your-guide-to-the-fan-swag-of-anaheim/,
Angels,MLB,2022,2022-10-01,Rangers,Team photo,giveaway,,,,https://crashingthepearlygates.com/2021/11/26/2022-angels-stadium-giveaways-your-guide-to-the-fan-swag-of-anaheim/,
Angels,MLB,2023,2023-04-07,Blue Jays,Home opener red carpet event + wall calendar,giveaway|theme,,,,https://www.foxla.com/news/what-to-look-for-in-angels-2023-home-opener,
Angels,MLB,2023,2023-04-08,Blue Jays,Shohei Ohtani bobblehead,giveaway|star_player,,,,https://www.foxla.com/news/what-to-look-for-in-angels-2023-home-opener,
Angels,MLB,2023,2023-04-09,Blue Jays,Shohei Ohtani clear bag,giveaway|star_player,,,,https://www.foxla.com/news/what-to-look-for-in-angels-2023-home-opener,
Angels,MLB,2023,2023-04-21,Royals,Mike Trout bobblehead + Star Wars Night,giveaway|star_player|crossover,,,,https://www.foxla.com/news/what-to-look-for-in-angels-2023-home-opener,
Angels,MLB,2023,2023-04-22,Royals,Shohei Ohtani t-shirt,giveaway|star_player,,,,https://www.foxla.com/news/what-to-look-for-in-angels-2023-home-opener,
Angels,MLB,2023,2023-04-25,Athletics,Ohtani-Trout blanket,giveaway|star_player,,,,https://www.foxla.com/news/what-to-look-for-in-angels-2023-home-opener,
Angels,MLB,2023,2023-05-05,Rangers,Long-sleeve hooded shirt,giveaway,Pechanga Resort Casino,,,https://www.stadiumgiveawayexchange.com/los-angeles-angels/los-angeles-angels-2023-promotional-stadium-giveaways/,
Angels,MLB,2023,2023-05-09,Astros,Cooler bag,giveaway,Jersey Mike's,,,https://www.stadiumgiveawayexchange.com/los-angeles-angels/los-angeles-angels-2023-promotional-stadium-giveaways/,
Angels,MLB,2023,2023-05-19,Twins,Country Weekend (May 19-21),theme,,,,https://www.foxla.com/news/what-to-look-for-in-angels-2023-home-opener,series-long theme; one row for the first night
Angels,MLB,2023,2023-05-26,Marlins,Beach Weekend (May 26-28),theme,,,,https://www.foxla.com/news/what-to-look-for-in-angels-2023-home-opener,series-long theme; one row for the first night
Angels,MLB,2023,2023-06-08,Cubs,Christmas in June (June 8-10),theme,,,,https://www.foxla.com/news/what-to-look-for-in-angels-2023-home-opener,series-long theme; one row for the first night
Angels,MLB,2023,2023-06-09,Mariners,Ugly sweater t-shirt (Christmas in June),giveaway|theme,Bally Sports West,,,https://www.stadiumgiveawayexchange.com/los-angeles-angels/los-angeles-angels-2023-promotional-stadium-giveaways/,
Angels,MLB,2023,2023-06-10,Mariners,Christmas slippers (Christmas in June),giveaway|theme,Bally Sports West,,,https://www.stadiumgiveawayexchange.com/los-angeles-angels/los-angeles-angels-2023-promotional-stadium-giveaways/,
Angels,MLB,2023,2023-06-11,Mariners,Mike Trout youth jersey,giveaway|star_player,angels.OCnavigator.org,,,https://www.stadiumgiveawayexchange.com/los-angeles-angels/los-angeles-angels-2023-promotional-stadium-giveaways/,
Angels,MLB,2023,2023-06-27,White Sox,Shohei Ohtani puzzle,giveaway|star_player,,,,https://www.stadiumgiveawayexchange.com/los-angeles-angels/los-angeles-angels-2023-promotional-stadium-giveaways/,
Angels,MLB,2023,2023-06-30,Diamondbacks,Straw beach hat,giveaway,MemorialCare,,,https://www.stadiumgiveawayexchange.com/los-angeles-angels/los-angeles-angels-2023-promotional-stadium-giveaways/,
Angels,MLB,2023,2023-07-01,Diamondbacks,Trout-Ohtani bobblehead,giveaway|star_player,,,,https://www.foxla.com/news/what-to-look-for-in-angels-2023-home-opener,
Angels,MLB,2023,2023-07-14,Astros,Angels MVP hat,giveaway,,,,https://www.stadiumgiveawayexchange.com/los-angeles-angels/los-angeles-angels-2023-promotional-stadium-giveaways/,
Angels,MLB,2023,2023-07-21,Pirates,Fanny pack,giveaway,Santa Ana College,,,https://www.stadiumgiveawayexchange.com/los-angeles-angels/los-angeles-angels-2023-promotional-stadium-giveaways/,
Angels,MLB,2023,2023-08-04,Mariners,Duffle bag,giveaway,,,,https://www.stadiumgiveawayexchange.com/los-angeles-angels/los-angeles-angels-2023-promotional-stadium-giveaways/,
Angels,MLB,2023,2023-08-18,Rays,Rally Monkey doll,giveaway,,,,https://www.foxla.com/news/what-to-look-for-in-angels-2023-home-opener,
Angels,MLB,2023,2023-09-08,Guardians,Mike Trout Anaheim Ducks hockey jersey,giveaway|star_player|crossover,,,,https://www.foxla.com/news/what-to-look-for-in-angels-2023-home-opener,
Angels,MLB,2023,2023-09-15,Tigers,Mike Trout Silver Slugger bobblehead,giveaway|star_player,angels.OCnavigator.org,,,https://www.stadiumgiveawayexchange.com/los-angeles-angels/los-angeles-angels-2023-promotional-stadium-giveaways/,
Angels,MLB,2023,2023-09-29,Athletics,Baseball bat mug,giveaway,,,,https://www.stadiumgiveawayexchange.com/los-angeles-angels/los-angeles-angels-2023-promotional-stadium-giveaways/,
Angels,MLB,2023,2023-09-30,Athletics,Team photo,giveaway,,,,https://www.stadiumgiveawayexchange.com/los-angeles-angels/los-angeles-angels-2023-promotional-stadium-giveaways/,
Angels,MLB,2024,2024-04-05,Red Sox,Wall calendar,giveaway,,first 25000,,https://www.mlb.com/press-release/press-release-angels-announce-2024-single-game-tickets-on-sale-promotional-sched,
Angels,MLB,2024,2024-04-06,Red Sox,Saturday Night Fireworks,fireworks,,,,https://www.mlb.com/press-release/press-release-angels-announce-2024-single-game-tickets-on-sale-promotional-sched,
Angels,MLB,2024,2024-04-26,Twins,Star Wars Weekend 800-drone light show,crossover|fireworks,,,,https://www.mlb.com/press-release/press-release-angels-announce-2024-single-game-tickets-on-sale-promotional-sched,
Angels,MLB,2024,2024-04-27,Twins,Mandalorian Rally Monkey + Saturday Night Fireworks,giveaway|crossover|fireworks,,first 25000,,https://www.mlb.com/press-release/press-release-angels-announce-2024-single-game-tickets-on-sale-promotional-sched,
Angels,MLB,2024,2024-04-30,Phillies,Logan O'Hoppe bobblehead,giveaway|star_player,,first 25000,,https://www.mlb.com/press-release/press-release-angels-announce-2024-single-game-tickets-on-sale-promotional-sched,
Angels,MLB,2024,2024-05-10,Royals,Clear backpack,giveaway,,first 25000,,https://www.mlb.com/press-release/press-release-angels-announce-2024-single-game-tickets-on-sale-promotional-sched,
Angels,MLB,2024,2024-05-11,Royals,Performance hat + Saturday Night Fireworks,giveaway|fireworks,,first 25000,,https://www.mlb.com/press-release/press-release-angels-announce-2024-single-game-tickets-on-sale-promotional-sched,
Angels,MLB,2024,2024-05-12,Royals,Clear tote bag,giveaway,,first 25000,,https://www.mlb.com/press-release/press-release-angels-announce-2024-single-game-tickets-on-sale-promotional-sched,
Angels,MLB,2024,2024-05-14,Cardinals,City Connect cooler backpack,giveaway,,first 25000,,https://www.mlb.com/press-release/press-release-angels-announce-2024-single-game-tickets-on-sale-promotional-sched,
Angels,MLB,2024,2024-05-24,Guardians,Cowboy hat,giveaway,,first 25000,,https://www.mlb.com/press-release/press-release-angels-announce-2024-single-game-tickets-on-sale-promotional-sched,
Angels,MLB,2024,2024-05-25,Guardians,Postgame concert (Kip Moore) + Saturday Night Fireworks,celebrity|fireworks,,,,https://www.mlb.com/press-release/press-release-angels-announce-2024-single-game-tickets-on-sale-promotional-sched,
Angels,MLB,2024,2024-06-04,Padres,Blanket,giveaway,,first 25000,,https://www.mlb.com/press-release/press-release-angels-announce-2024-single-game-tickets-on-sale-promotional-sched,
Angels,MLB,2024,2024-06-07,Astros,Mike Trout 11-time All-Star bobblehead,giveaway|star_player,,first 25000,,https://www.mlb.com/press-release/press-release-angels-announce-2024-single-game-tickets-on-sale-promotional-sched,
Angels,MLB,2024,2024-06-08,Astros,Saturday Night Fireworks,fireworks,,,,https://www.mlb.com/press-release/press-release-angels-announce-2024-single-game-tickets-on-sale-promotional-sched,
Angels,MLB,2024,2024-06-09,Astros,Zach Neto youth City Connect jersey + Family Sunday,giveaway|star_player|discount,,first 15000 kids 3-17,,https://www.mlb.com/press-release/press-release-angels-announce-2024-single-game-tickets-on-sale-promotional-sched,
Angels,MLB,2024,2024-06-28,Tigers,Slippers,giveaway,,first 25000,,https://www.mlb.com/press-release/press-release-angels-announce-2024-single-game-tickets-on-sale-promotional-sched,
Angels,MLB,2024,2024-06-29,Tigers,Beanie + Saturday Night Fireworks,giveaway|fireworks,,first 25000,,https://www.mlb.com/press-release/press-release-angels-announce-2024-single-game-tickets-on-sale-promotional-sched,
Angels,MLB,2024,2024-07-12,Mariners,Cork hat,giveaway,,first 25000,,https://www.mlb.com/press-release/press-release-angels-announce-2024-single-game-tickets-on-sale-promotional-sched,
Angels,MLB,2024,2024-07-13,Mariners,City Connect beach towel + Saturday Night Fireworks,giveaway|fireworks,,first 25000,,https://www.mlb.com/press-release/press-release-angels-announce-2024-single-game-tickets-on-sale-promotional-sched,
Angels,MLB,2024,2024-07-26,Athletics,Vintage graphic t-shirt (Throwback Week),giveaway|theme,MemorialCare,first 25000,,https://www.mlb.com/press-release/press-release-angels-host-oakland-colorado-and-new-york-nl-in-ten-game-homestand,
Angels,MLB,2024,2024-07-27,Athletics,Mike Trout throwback bobblehead + fireworks,giveaway|star_player|fireworks,Pechanga Resort Casino; SoCal Honda Dealers (fireworks),first 25000,,https://www.mlb.com/press-release/press-release-angels-host-oakland-colorado-and-new-york-nl-in-ten-game-homestand,
Angels,MLB,2024,2024-08-02,Mets,Rally Monkey hand puppet,giveaway,Miller Children's & Women's Hospital,first 25000,,https://www.mlb.com/press-release/press-release-angels-host-oakland-colorado-and-new-york-nl-in-ten-game-homestand,
Angels,MLB,2024,2024-08-03,Mets,Topps trading card pack + fireworks,giveaway|fireworks,Topps; SoCal Honda Dealers (fireworks),first 25000,,https://www.mlb.com/press-release/press-release-angels-host-oakland-colorado-and-new-york-nl-in-ten-game-homestand,trading cards not in the preseason calendar
Angels,MLB,2024,2024-08-04,Mets,D23 Day Mickey Mouse bobblehead,giveaway|crossover,,first 23000,,https://www.mlb.com/press-release/press-release-angels-host-oakland-colorado-and-new-york-nl-in-ten-game-homestand,not in the preseason calendar
Angels,MLB,2024,2024-08-14,Blue Jays,Italian Heritage Night,theme,,,,https://www.mlb.com/press-release/press-release-angels-host-toronto-and-atlanta-in-six-game-homestand,
Angels,MLB,2024,2024-08-16,Braves,Belt bag (Players' Weekend),giveaway,angels.OCnavigator.org,first 25000,,https://www.mlb.com/press-release/press-release-angels-host-toronto-and-atlanta-in-six-game-homestand,
Angels,MLB,2024,2024-08-17,Braves,Irish Heritage Night + fireworks,theme|fireworks,SoCal Honda Dealers (fireworks),,,https://www.mlb.com/press-release/press-release-angels-host-toronto-and-atlanta-in-six-game-homestand,
Angels,MLB,2024,2024-08-30,Mariners,Short-sleeve hooded shirt,giveaway,,first 25000,,https://www.mlb.com/press-release/press-release-angels-announce-2024-single-game-tickets-on-sale-promotional-sched,
Angels,MLB,2024,2024-08-31,Mariners,Saturday Night Fireworks,fireworks,,,,https://www.mlb.com/press-release/press-release-angels-announce-2024-single-game-tickets-on-sale-promotional-sched,
Angels,MLB,2024,2024-09-13,Astros,Co-branded Ducks hat,giveaway|crossover,,first 25000,,https://www.mlb.com/press-release/press-release-angels-announce-2024-single-game-tickets-on-sale-promotional-sched,
Angels,MLB,2024,2024-09-14,Astros,Saturday Night Fireworks,fireworks,,,,https://www.mlb.com/press-release/press-release-angels-announce-2024-single-game-tickets-on-sale-promotional-sched,
Angels,MLB,2024,2024-09-27,Rangers,Golf rope hat,giveaway,Nitto Tire,first 25000,,https://www.mlb.com/press-release/press-release-angels-host-texas-in-three-game-homestand,
Angels,MLB,2024,2024-09-28,Rangers,Team photo + Fan Appreciation Night + fireworks,giveaway|theme|fireworks,Howard's Appliances; SoCal Honda Dealers (fireworks),first 25000,,https://www.mlb.com/press-release/press-release-angels-host-texas-in-three-game-homestand,
Padres,MLB,2021,2021-06-17,Reds,Second Opening Day at 100% capacity + postgame fireworks,theme|fireworks,,,,https://www.mlb.com/press-release/press-release-padres-announce-2021-promotional-schedule,
Padres,MLB,2021,2021-06-19,Reds,Aloha shirt,giveaway,Southwest Airlines,all fans while supplies last,,https://www.stadiumgiveawayexchange.com/san-diego-padres/san-diego-padres-2021-promotional-stadium-giveaways/,
Padres,MLB,2021,2021-06-20,Reds,Father's Day: Youth Baseball & Softball Day headband + catch on the field,giveaway|theme,JUNK Brands,,,https://www.mlb.com/press-release/press-release-padres-announce-2021-promotional-schedule,
Padres,MLB,2021,2021-06-22,Dodgers,Friends Night (themed coffee mug package),crossover|special_ticket,,,,https://www.stadiumgiveawayexchange.com/san-diego-padres/san-diego-padres-2021-promotional-stadium-giveaways/,
Padres,MLB,2021,2021-06-26,Diamondbacks,Fleece blanket,giveaway,Sycuan,,,https://www.stadiumgiveawayexchange.com/san-diego-padres/san-diego-padres-2021-promotional-stadium-giveaways/,
Padres,MLB,2021,2021-06-27,Diamondbacks,Peanuts Day (Snoopy bobblehead package),crossover|special_ticket,,,,https://www.stadiumgiveawayexchange.com/san-diego-padres/san-diego-padres-2021-promotional-stadium-giveaways/,
Padres,MLB,2021,2021-07-10,Rockies,Beach towel,giveaway,Southwest Airlines,,,https://www.stadiumgiveawayexchange.com/san-diego-padres/san-diego-padres-2021-promotional-stadium-giveaways/,
Padres,MLB,2021,2021-07-31,Rockies,Fernando Tatis Jr. bobblehead,giveaway|star_player,Petco,,,https://www.stadiumgiveawayexchange.com/san-diego-padres/san-diego-padres-2021-promotional-stadium-giveaways/,
Padres,MLB,2021,2021-08-01,Rockies,Tatis Jr. arm sleeve (kids),giveaway|star_player,,kids 14 and under,,https://www.stadiumgiveawayexchange.com/san-diego-padres/san-diego-padres-2021-promotional-stadium-giveaways/,
Padres,MLB,2021,2021-08-07,Diamondbacks,Panel hat,giveaway,Mitel,,,https://www.stadiumgiveawayexchange.com/san-diego-padres/san-diego-padres-2021-promotional-stadium-giveaways/,
Padres,MLB,2021,2021-08-21,Phillies,Backpack,giveaway,University of San Diego,,,https://www.stadiumgiveawayexchange.com/san-diego-padres/san-diego-padres-2021-promotional-stadium-giveaways/,sponsor per team release
Padres,MLB,2021,2021-08-22,Phillies,Kids backpack,giveaway,Southwest Airlines,kids,,https://www.stadiumgiveawayexchange.com/san-diego-padres/san-diego-padres-2021-promotional-stadium-giveaways/,
Padres,MLB,2021,2021-08-26,Dodgers,Hoodie,giveaway,COX,,,https://www.stadiumgiveawayexchange.com/san-diego-padres/san-diego-padres-2021-promotional-stadium-giveaways/,
Padres,MLB,2021,2021-09-04,Astros,Reusable tote bag,giveaway,MLB Network,,,https://www.stadiumgiveawayexchange.com/san-diego-padres/san-diego-padres-2021-promotional-stadium-giveaways/,
Padres,MLB,2022,2022-04-14,Braves,Fleece blanket (home opener),giveaway,,,,https://www.stadiumgiveawayexchange.com/san-diego-padres/san-diego-padres-2022-promotional-stadium-giveaways/,
Padres,MLB,2022,2022-04-17,Braves,Opening Series hat,giveaway,,,,https://www.10news.com/sports/san-diego-padres-reveal-updated-giveaways-for-2022-home-games,
Padres,MLB,2022,2022-05-08,Marlins,Kids sunglasses,giveaway,,,,https://www.10news.com/sports/san-diego-padres-reveal-updated-giveaways-for-2022-home-games,
Padres,MLB,2022,2022-05-09,Cubs,Tony Gwynn shirsey,giveaway|star_player,,first 35000,,https://www.stadiumgiveawayexchange.com/san-diego-padres/san-diego-padres-2022-promotional-stadium-giveaways/,10News gives May 19 (not a home date); date per Stadium Giveaway Exchange
Padres,MLB,2022,2022-05-24,Brewers,Manny Machado bobblehead,giveaway|star_player,Bally Sports San Diego,first 35000,,https://www.mlb.com/press-release/press-release-padres-announce-updated-2022-schedule-giveaway-items,
Padres,MLB,2022,2022-05-27,Pirates,Pitchers beach towel (Darvish / Snell / Musgrove),giveaway|star_player,Sycuan Casino Resort,first 35000,,https://www.mlb.com/press-release/press-release-padres-announce-updated-2022-schedule-giveaway-items,
Padres,MLB,2022,2022-05-29,Pirates,Padres pets calendar,giveaway,,first 35000,,https://www.stadiumgiveawayexchange.com/san-diego-padres/san-diego-padres-2022-promotional-stadium-giveaways/,
Padres,MLB,2022,2022-06-08,Mets,Custom Tatis Jr. hat,giveaway|star_player,San Diego Community Power,first 35000,,https://www.mlb.com/press-release/press-release-padres-announce-updated-2022-schedule-giveaway-items,
Padres,MLB,2022,2022-06-23,Phillies,Jake Cronenworth bobblehead,giveaway|star_player,Jack in the Box,first 35000,,https://www.mlb.com/press-release/press-release-padres-announce-updated-2022-schedule-giveaway-items,
Padres,MLB,2022,2022-06-26,Phillies,Batting gloves (kids),giveaway,,first 8000 kids,,https://www.stadiumgiveawayexchange.com/san-diego-padres/san-diego-padres-2022-promotional-stadium-giveaways/,
Padres,MLB,2022,2022-07-07,Giants,El Niño fleece blanket (Tatis Jr.),giveaway|star_player,UC San Diego Health,first 35000,,https://www.mlb.com/press-release/press-release-padres-announce-updated-2022-schedule-giveaway-items,
Padres,MLB,2022,2022-07-09,Giants,Tatis Jr. & Pups bobblehead (theme game),giveaway|star_player|special_ticket,Petco,,,https://www.mlb.com/press-release/press-release-padres-announce-updated-2022-schedule-giveaway-items,listed under theme games so likely a ticket-pack item
Padres,MLB,2022,2022-07-15,Diamondbacks,"Star Wars Weekend (July 15-17); Machado ""Mandalorian"" bobblehead",crossover|special_ticket|star_player,,,,https://www.mlb.com/press-release/press-release-padres-announce-updated-2022-schedule-giveaway-items,weekend-long; bobblehead night within the weekend not dated
Padres,MLB,2022,2022-07-31,Twins,Tatis Jr. plastic bat and ball set,giveaway|star_player,Mission Fed Credit Union,kids 14 and under,,https://www.mlb.com/press-release/press-release-padres-announce-updated-2022-schedule-giveaway-items,
Padres,MLB,2022,2022-08-03,Rockies,Team hoodie,giveaway,,,,https://www.10news.com/sports/san-diego-padres-reveal-updated-giveaways-for-2022-home-games,
Padres,MLB,2022,2022-08-18,Nationals,Joe Musgrove no-hitter bobblehead,giveaway|star_player,,first 35000,,https://www.mlb.com/press-release/press-release-padres-announce-updated-2022-schedule-giveaway-items,
Padres,MLB,2022,2022-08-20,Nationals,Peanuts theme ticket: Linus bobblehead,crossover|special_ticket,,,,https://www.stadiumgiveawayexchange.com/san-diego-padres/san-diego-padres-2022-promotional-stadium-giveaways/,
Padres,MLB,2022,2022-08-21,Nationals,Mini bat (kids),giveaway,,first 8000 kids,,https://www.stadiumgiveawayexchange.com/san-diego-padres/san-diego-padres-2022-promotional-stadium-giveaways/,
Padres,MLB,2022,2022-08-23,Guardians,"Soccer Night (""El Niño"" jersey)",theme|special_ticket|star_player,,,,https://www.mlb.com/press-release/press-release-padres-announce-updated-2022-schedule-giveaway-items,not in the Stadium Giveaway Exchange list; may have been changed after Tatis Jr.'s Aug 2022 suspension
Padres,MLB,2022,2022-09-05,Diamondbacks,Mug (kids),giveaway,Oris,all kids,,https://www.stadiumgiveawayexchange.com/san-diego-padres/san-diego-padres-2022-promotional-stadium-giveaways/,
Padres,MLB,2022,2022-09-07,Diamondbacks,Fernando Tatis Jr. bobblehead,giveaway|star_player,Petco,first 35000,,https://www.mlb.com/press-release/press-release-padres-announce-updated-2022-schedule-giveaway-items,not in the Stadium Giveaway Exchange list; may have been changed after Tatis Jr.'s Aug 2022 suspension
Padres,MLB,2022,2022-09-09,Dodgers,Thundersticks,giveaway,,first 35000,,https://www.stadiumgiveawayexchange.com/san-diego-padres/san-diego-padres-2022-promotional-stadium-giveaways/,
Padres,MLB,2022,2022-09-11,Dodgers,Hello Kitty theme package bobblehead,crossover|special_ticket,,,,https://www.stadiumgiveawayexchange.com/san-diego-padres/san-diego-padres-2022-promotional-stadium-giveaways/,
Padres,MLB,2023,2023-04-02,Rockies,Opening Series hat (vintage brown and gold),giveaway,Sycuan Casino Resort,,,https://www.10news.com/sports/padres/bobbleheads-hats-and-more-san-diego-padres-2023-home-game-giveaways,
Padres,MLB,2023,2023-04-13,Brewers,"Juan Soto ""Soto Shuffle"" bobblehead",giveaway|star_player,Canel's,first 40000,,https://www.10news.com/sports/padres/bobbleheads-hats-and-more-san-diego-padres-2023-home-game-giveaways,
Padres,MLB,2023,2023-04-18,Braves,1998 Trevor Hoffman replica jersey,giveaway|star_player,Motorola,first 40000,,https://www.10news.com/sports/padres/bobbleheads-hats-and-more-san-diego-padres-2023-home-game-giveaways,
Padres,MLB,2023,2023-05-02,Reds,Joe Musgrove bucket hat,giveaway|star_player,UC San Diego Health,first 40000,,https://www.10news.com/sports/padres/bobbleheads-hats-and-more-san-diego-padres-2023-home-game-giveaways,
Padres,MLB,2023,2023-05-15,Royals,Manny Machado City Connect bobblehead,giveaway|star_player,Cox,first 40000,,https://www.10news.com/sports/padres/bobbleheads-hats-and-more-san-diego-padres-2023-home-game-giveaways,
Padres,MLB,2023,2023-06-04,Cubs,Peanuts Day,crossover|special_ticket,,,,https://www.10news.com/sports/padres/bobbleheads-hats-and-more-san-diego-padres-2023-home-game-giveaways,
Padres,MLB,2023,2023-06-05,Cubs,Belt bag,giveaway,Sycuan Casino Resort,first 40000,,https://www.10news.com/sports/padres/bobbleheads-hats-and-more-san-diego-padres-2023-home-game-giveaways,
Padres,MLB,2023,2023-06-14,Guardians,City Connect Hawaiian shirt,giveaway,Southwest Airlines,first 40000,,https://www.10news.com/sports/padres/bobbleheads-hats-and-more-san-diego-padres-2023-home-game-giveaways,
Padres,MLB,2023,2023-06-16,Rays,Star Wars Weekend (June 16-18),crossover|special_ticket,,,,https://www.10news.com/sports/padres/bobbleheads-hats-and-more-san-diego-padres-2023-home-game-giveaways,weekend-long; one row for the first night
Padres,MLB,2023,2023-06-24,Nationals,Harry Potter Night,crossover|special_ticket,,,,https://www.10news.com/sports/padres/bobbleheads-hats-and-more-san-diego-padres-2023-home-game-giveaways,
Padres,MLB,2023,2023-07-24,Pirates,Yu Darvish 3000 strikeouts bobblehead,giveaway|star_player,Nuna,first 40000,,https://www.10news.com/sports/padres/bobbleheads-hats-and-more-san-diego-padres-2023-home-game-giveaways,
Padres,MLB,2023,2023-08-07,Dodgers,Straw hat,giveaway,SDG&E,first 40000,,https://www.10news.com/sports/padres/bobbleheads-hats-and-more-san-diego-padres-2023-home-game-giveaways,
Padres,MLB,2023,2023-08-16,Orioles,Home hoodie,giveaway,SERVPRO,first 40000,,https://www.10news.com/sports/padres/bobbleheads-hats-and-more-san-diego-padres-2023-home-game-giveaways,
Padres,MLB,2023,2023-08-18,Diamondbacks,"Don Orsillo & Mark Grant (""Don & Mud"") bobblehead night",giveaway|special_ticket|celebrity,,,,https://www.10news.com/sports/padres/bobbleheads-hats-and-more-san-diego-padres-2023-home-game-giveaways,broadcasters; ticket-package item
Padres,MLB,2023,2023-08-22,Marlins,Ha-Seong Kim bobblehead,giveaway|star_player,Bally Sports San Diego,first 40000,,https://www.10news.com/sports/padres/bobbleheads-hats-and-more-san-diego-padres-2023-home-game-giveaways,
Padres,MLB,2023,2023-09-05,Phillies,Fernando Tatis Jr. bobblehead,giveaway|star_player,Petco,first 40000,,https://www.10news.com/sports/padres/bobbleheads-hats-and-more-san-diego-padres-2023-home-game-giveaways,
Padres,MLB,2023,2023-09-18,Rockies,Xander Bogaerts City Connect jersey shirt,giveaway|star_player,QuidelOrtho,first 40000,,https://www.10news.com/sports/padres/bobbleheads-hats-and-more-san-diego-padres-2023-home-game-giveaways,
Padres,MLB,2024,2024-03-29,Giants,Opening Series hat,giveaway,Sycuan Casino Resort,first 40000,,https://www.gaslampball.com/2024/1/25/24050650/padres-release-2024-giveaway-schedule,
Padres,MLB,2024,2024-04-02,Cardinals,City Connect poncho,giveaway,97.3 The Fan,first 40000,,https://www.gaslampball.com/2024/1/25/24050650/padres-release-2024-giveaway-schedule,
Padres,MLB,2024,2024-04-10,Cubs,Manny Machado home run bobblehead,giveaway|star_player,,first 40000,,https://www.gaslampball.com/2024/1/25/24050650/padres-release-2024-giveaway-schedule,
Padres,MLB,2024,2024-04-29,Reds,Knit beanie with removable pom,giveaway,SDG&E,first 40000,,https://www.gaslampball.com/2024/1/25/24050650/padres-release-2024-giveaway-schedule,
Padres,MLB,2024,2024-05-11,Dodgers,Joe Musgrove & dog Theo bobblehead,giveaway|star_player,,first 40000,,https://www.gaslampball.com/2024/1/25/24050650/padres-release-2024-giveaway-schedule,
Padres,MLB,2024,2024-05-28,Marlins,City Connect belt bag,giveaway,University of San Diego,first 40000,,https://www.gaslampball.com/2024/1/25/24050650/padres-release-2024-giveaway-schedule,
Padres,MLB,2024,2024-06-06,Diamondbacks,Xander Bogaerts bobblehead,giveaway|star_player,,first 40000,,https://www.gaslampball.com/2024/1/25/24050650/padres-release-2024-giveaway-schedule,
Padres,MLB,2024,2024-06-11,Athletics,Joe Musgrove basketball jersey,giveaway|star_player,Motorola,first 40000,,https://www.gaslampball.com/2024/1/25/24050650/padres-release-2024-giveaway-schedule,
Padres,MLB,2024,2024-06-20,Brewers,619 Aloha shirt,giveaway,Jack in the Box,first 40000,,https://www.gaslampball.com/2024/1/25/24050650/padres-release-2024-giveaway-schedule,
Padres,MLB,2024,2024-06-23,Brewers,Rookie plush pillow (kids),giveaway,Petco,first 8000 kids,,https://www.gaslampball.com/2024/1/25/24050650/padres-release-2024-giveaway-schedule,
Padres,MLB,2024,2024-06-25,Nationals,Ha-Seong Kim bobblehead,giveaway|star_player,,first 40000,,https://www.gaslampball.com/2024/1/25/24050650/padres-release-2024-giveaway-schedule,
Padres,MLB,2024,2024-07-05,Diamondbacks,Star Wars Weekend (July 5-7),crossover|special_ticket,,,,https://www.mlb.com/press-release/press-release-padres-announce-2024-giveaway-promotional-and-theme-game-schedule,weekend-long; one row for the first night
Padres,MLB,2024,2024-07-10,Mariners,'84 throwback hat,giveaway|championship,San Diego Community Power,first 40000,,https://www.gaslampball.com/2024/1/25/24050650/padres-release-2024-giveaway-schedule,1984 NL pennant
Padres,MLB,2024,2024-08-12,Pirates,1999 Tony Gwynn henley (3000th hit 25th anniversary),giveaway|star_player,SERVPRO,first 40000,,https://www.gaslampball.com/2024/1/25/24050650/padres-release-2024-giveaway-schedule,
Padres,MLB,2024,2024-08-20,Twins,Manny Machado collectible pin,giveaway|star_player,Canel's,first 40000,,https://www.gaslampball.com/2024/1/25/24050650/padres-release-2024-giveaway-schedule,
Padres,MLB,2024,2024-08-22,Mets,Tatis Jr. City Connect bucket hat,giveaway|star_player,UC San Diego Health,first 40000,,https://www.gaslampball.com/2024/1/25/24050650/padres-release-2024-giveaway-schedule,
Padres,MLB,2024,2024-08-25,Mets,Padres tin lunchbox (kids),giveaway,Chick-fil-A,first 8000 kids,,https://www.gaslampball.com/2024/1/25/24050650/padres-release-2024-giveaway-schedule,
Padres,MLB,2024,2024-09-04,Tigers,City Connect hoodie,giveaway,Southwest Airlines,first 40000,,https://www.gaslampball.com/2024/1/25/24050650/padres-release-2024-giveaway-schedule,
Padres,MLB,2024,2024-09-18,Astros,Tatis Jr. Platinum Glove bobblehead,giveaway|star_player,,first 40000,,https://www.gaslampball.com/2024/1/25/24050650/padres-release-2024-giveaway-schedule,
Mariners,MLB,2021,2021-04-01,Giants,Magnetic schedule (Apr 1-3),giveaway,Virginia Mason Franciscan Health,,,https://www.stadiumgiveawayexchange.com/seattle-mariners/seattle-mariners-2021-promotional-stadium-giveaways/,capacity-limited period
Mariners,MLB,2021,2021-05-03,Orioles,Kingdome snapback cap (May 3-5),giveaway,Alaska Airlines,first 3000,,https://www.stadiumgiveawayexchange.com/seattle-mariners/seattle-mariners-2021-promotional-stadium-giveaways/,capacity-limited period
Mariners,MLB,2021,2021-05-13,Guardians,Neon cap (May 13-14),giveaway,,first 5000,,https://www.stadiumgiveawayexchange.com/seattle-mariners/seattle-mariners-2021-promotional-stadium-giveaways/,capacity-limited period
Mariners,MLB,2021,2021-05-17,Tigers,Tote (May 17-19),giveaway,EQC,first 3000 (21+),,https://www.stadiumgiveawayexchange.com/seattle-mariners/seattle-mariners-2021-promotional-stadium-giveaways/,capacity-limited period
Mariners,MLB,2021,2021-05-27,Rangers,Marco Gonzales bobblehead,giveaway|star_player,ROOT SPORTS,first 5000,,https://www.mlb.com/mariners/fans/bobblehead-gallery/2021,capacity-limited period; offered May 27-30 per Stadium Giveaway Exchange
Mariners,MLB,2021,2021-06-01,Athletics,J.P. PJ pants,giveaway|star_player,,first 5000,,https://www.stadiumgiveawayexchange.com/seattle-mariners/seattle-mariners-2021-promotional-stadium-giveaways/,capacity-limited period
Mariners,MLB,2021,2021-06-18,Rays,Beard Hat Night,giveaway,,first 10000,,https://sports.mynorthwest.com/?p=1420239,
Mariners,MLB,2021,2021-06-19,Rays,Salute to the Negro Leagues (Steelheads throwback uniforms),theme,,,,https://sports.mynorthwest.com/?p=1420239,
Mariners,MLB,2021,2021-07-02,Rangers,Grand Re-Opening Night (first full-capacity game) + patriotic fireworks,theme|fireworks,,,announced sellout,https://sports.mynorthwest.com/1429729/mariners-full-details-july-2-re-opening-night/,source calls it a 47000 sellout; Retrosheet paid attendance is 28638
Mariners,MLB,2021,2021-07-23,Athletics,Pitcher and cup set,giveaway,EQC,first 10000 (21+),,https://www.mlb.com/amp/press-release/press-release-mariners-homestand-highlights-july-22-28.html,
Mariners,MLB,2021,2021-07-24,Athletics,Original-uniform replica jersey,giveaway,Alaska Airlines,first 10000,,https://www.mlb.com/amp/press-release/press-release-mariners-homestand-highlights-july-22-28.html,
Mariners,MLB,2021,2021-07-26,Astros,Mariners Value Game,discount,BECU,,,https://www.mlb.com/amp/press-release/press-release-mariners-homestand-highlights-july-22-28.html,
Mariners,MLB,2021,2021-07-27,Astros,Mariners Value Game,discount,BECU,,,https://www.mlb.com/amp/press-release/press-release-mariners-homestand-highlights-july-22-28.html,
Mariners,MLB,2021,2021-07-28,Astros,Topps trading cards (kids),giveaway,Topps,kids 14 and under,,https://www.mlb.com/amp/press-release/press-release-mariners-homestand-highlights-july-22-28.html,
Mariners,MLB,2021,2021-08-28,Royals,Mariner Moose Funko Pop!,giveaway,Funko,first 20000,,https://www.stadiumgiveawayexchange.com/seattle-mariners/seattle-mariners-2021-promotional-stadium-giveaways/,
Mariners,MLB,2021,2021-08-29,Royals,J.P. Crawford t-shirt (kids),giveaway|star_player,Boeing,first 5000 kids 14 and under,,https://www.stadiumgiveawayexchange.com/seattle-mariners/seattle-mariners-2021-promotional-stadium-giveaways/,
Mariners,MLB,2021,2021-09-10,Diamondbacks,Military cap,giveaway|theme,Boeing,first 15000,,https://www.mlb.com/press-release/press-release-mariners-homestand-highlights-september-10-15,
Mariners,MLB,2021,2021-09-11,Diamondbacks,First Responders Night (special pricing),theme|discount,,,,https://www.mlb.com/press-release/press-release-mariners-homestand-highlights-september-10-15,
Mariners,MLB,2021,2021-09-12,Diamondbacks,Hispanic Heritage Day (special pricing) + Recovery t-shirt,theme|discount|giveaway,T-Mobile; Washington Recovery Alliance,,,https://www.mlb.com/press-release/press-release-mariners-homestand-highlights-september-10-15,
Mariners,MLB,2021,2021-09-13,Red Sox,T-shirt,giveaway,EQC,first 5000 (21+),,https://www.mlb.com/press-release/press-release-mariners-homestand-highlights-september-10-15,
Mariners,MLB,2021,2021-09-14,Red Sox,Bark at the Park (dog bandana; sold out) + Irish Heritage cap,theme|special_ticket|giveaway,Fred Meyer / Nylabone / Pet Pride; Irish Heritage Club of Seattle,,,https://www.mlb.com/press-release/press-release-mariners-homestand-highlights-september-10-15,the dog package sold out (not the game)
Mariners,MLB,2021,2021-10-03,Angels,Kyle Lewis t-shirt (kids),giveaway|star_player,Boeing,first 5000 kids 14 and under,,https://www.stadiumgiveawayexchange.com/seattle-mariners/seattle-mariners-2021-promotional-stadium-giveaways/,
Mariners,MLB,2022,2022-04-15,Astros,Opening Night,theme,,,,https://www.mlb.com/press-release/press-release-legendary-collectibles-on-mariners-2022-special-events-calendar,
Mariners,MLB,2022,2022-04-16,Astros,"Ken Griffey Jr. ""42"" bobblehead",giveaway|star_player,,first 20000,,https://www.mlb.com/press-release/press-release-legendary-collectibles-on-mariners-2022-special-events-calendar,
Mariners,MLB,2022,2022-04-17,Astros,Clear tote (moms 21+),giveaway,EQC,first 10000 moms 21+,,https://www.mlb.com/press-release/press-release-legendary-collectibles-on-mariners-2022-special-events-calendar,DC Comics Batman ticket-special bobblehead also offered Apr 15-17 (SEA22b)
Mariners,MLB,2022,2022-04-22,Royals,Puffy Vest Night + College Night,giveaway|discount,,first 10000,,https://www.mlb.com/press-release/press-release-legendary-collectibles-on-mariners-2022-special-events-calendar,
Mariners,MLB,2022,2022-04-24,Royals,Little League Day (Mitch Haniger caps for kids),giveaway|star_player,,kids 14 and under,,https://www.mlb.com/press-release/press-release-legendary-collectibles-on-mariners-2022-special-events-calendar,
Mariners,MLB,2022,2022-05-06,Rays,J.P. Crawford bobblehead,giveaway|star_player,ROOT SPORTS,first 20000,,https://www.mlb.com/press-release/press-release-legendary-collectibles-on-mariners-2022-special-events-calendar,
Mariners,MLB,2022,2022-05-08,Rays,Little League Day (bat backpacks for kids),giveaway,,kids 14 and under,,https://www.mlb.com/press-release/press-release-legendary-collectibles-on-mariners-2022-special-events-calendar,
Mariners,MLB,2022,2022-05-09,Phillies,Bark at the Park,theme|special_ticket,,,,https://www.mlb.com/press-release/press-release-legendary-collectibles-on-mariners-2022-special-events-calendar,
Mariners,MLB,2022,2022-05-23,Athletics,Title IX 50th Anniversary Celebration,theme,,,,https://www.mlb.com/press-release/press-release-legendary-collectibles-on-mariners-2022-special-events-calendar,
Mariners,MLB,2022,2022-05-24,Athletics,AAPI Heritage Night,theme,,,,https://www.mlb.com/press-release/press-release-legendary-collectibles-on-mariners-2022-special-events-calendar,
Mariners,MLB,2022,2022-05-27,Astros,'90s neon pink cap,giveaway,,first 10000,,https://www.mlb.com/press-release/press-release-legendary-collectibles-on-mariners-2022-special-events-calendar,
Mariners,MLB,2022,2022-06-12,Red Sox,Little League Day (Ty France wristbands for kids),giveaway|star_player,,kids 14 and under,,https://www.mlb.com/press-release/press-release-legendary-collectibles-on-mariners-2022-special-events-calendar,
Mariners,MLB,2022,2022-06-17,Angels,"Star Wars Night ""Marcolorian"" Marco Gonzales bobblehead",crossover|special_ticket|star_player,,,,https://www.mlb.com/press-release/press-release-legendary-collectibles-on-mariners-2022-special-events-calendar,online-only ticket special
Mariners,MLB,2022,2022-06-18,Angels (DH),Juneteenth: players wear 1946 Seattle Steelheads uniforms,theme,,,,https://www.mlb.com/press-release/press-release-legendary-collectibles-on-mariners-2022-special-events-calendar,
Mariners,MLB,2022,2022-06-19,Angels,Father's Day replica Steelheads cap,giveaway|theme,EQC,first 10000 dads 21+,,https://www.mlb.com/press-release/press-release-legendary-collectibles-on-mariners-2022-special-events-calendar,
Mariners,MLB,2022,2022-06-27,Orioles,Bark at the Park,theme|special_ticket,,,,https://www.mlb.com/press-release/press-release-legendary-collectibles-on-mariners-2022-special-events-calendar,
Mariners,MLB,2022,2022-06-30,Athletics,Pride Night rainbow cap,giveaway|theme,Alaska Airlines,first 10000,,https://www.mlb.com/press-release/press-release-legendary-collectibles-on-mariners-2022-special-events-calendar,
Mariners,MLB,2022,2022-08-05,Angels,Girls Night Out,theme,EQC,,,https://www.mlb.com/press-release/press-release-legendary-collectibles-on-mariners-2022-special-events-calendar,
Mariners,MLB,2022,2022-08-06,Angels (DH),Retro jersey,giveaway,Alaska Airlines,first 10000,,https://www.mlb.com/press-release/press-release-legendary-collectibles-on-mariners-2022-special-events-calendar,
Mariners,MLB,2022,2022-08-23,Nationals,Native American Heritage Night cap + Bark at the Park,giveaway|theme|special_ticket,EQC,first 10000 (21+),,https://www.mlb.com/press-release/press-release-legendary-collectibles-on-mariners-2022-special-events-calendar,
Mariners,MLB,2022,2022-08-26,Guardians,Guys Night Out,theme,EQC,,,https://www.mlb.com/press-release/press-release-legendary-collectibles-on-mariners-2022-special-events-calendar,
Mariners,MLB,2022,2022-08-28,Guardians,Ichiro Suzuki Hall of Fame bobblehead,giveaway|star_player,,first 20000,,https://www.mlb.com/press-release/press-release-legendary-collectibles-on-mariners-2022-special-events-calendar,
Mariners,MLB,2022,2022-09-10,Braves,Dan Wilson Funko Pop!,giveaway|star_player,Funko,first 20000,,https://www.mlb.com/press-release/press-release-legendary-collectibles-on-mariners-2022-special-events-calendar,
Mariners,MLB,2022,2022-09-13,Padres,Hello Kitty ticket-special bobblehead,crossover|special_ticket,,,,https://www.mlb.com/mariners/fans/bobblehead-gallery/2022,
Mariners,MLB,2022,2022-09-14,Padres,"Hispanic Heritage: players wear ""Marineros"" jerseys",theme,,,,https://www.mlb.com/press-release/press-release-legendary-collectibles-on-mariners-2022-special-events-calendar,
Mariners,MLB,2022,2022-09-28,Rangers,Bark at the Park,theme|special_ticket,,,,https://www.mlb.com/press-release/press-release-legendary-collectibles-on-mariners-2022-special-events-calendar,
Mariners,MLB,2022,2022-09-30,Athletics,College Night,discount,,,,https://www.mlb.com/press-release/press-release-legendary-collectibles-on-mariners-2022-special-events-calendar,
Mariners,MLB,2022,2022-10-02,Athletics,Kids Appreciation Day (prize drawings and kids t-shirts),giveaway|theme,Boeing,kids 14 and under,,https://www.mlb.com/press-release/press-release-legendary-collectibles-on-mariners-2022-special-events-calendar,
Mariners,MLB,2023,2023-04-01,Guardians,Julio Rodríguez Rookie of the Year bobblehead,giveaway|star_player,,first 20000,,https://www.mlb.com/press-release/press-release-seattle-mariners-announce-2023-special-events,team bobblehead gallery lists April 11 (not a home date); release date used
Mariners,MLB,2023,2023-04-03,Angels,Bark at the Park,theme|special_ticket,,,,https://www.mlb.com/press-release/press-release-seattle-mariners-announce-2023-special-events,
Mariners,MLB,2023,2023-04-14,Rockies,"Cal Raleigh ""The Clinch"" bobblehead",giveaway|star_player,,first 20000,,https://www.mlb.com/press-release/press-release-seattle-mariners-announce-2023-special-events,
Mariners,MLB,2023,2023-05-07,Astros,Geno Grigio wine tumbler,giveaway,,first 10000,,https://www.mlb.com/press-release/press-release-seattle-mariners-announce-2023-special-events,
Mariners,MLB,2023,2023-05-08,Rangers,"DC Comics ticket special: Cal Raleigh ""Superman"" bobblehead",crossover|special_ticket|star_player,,,,https://www.mlb.com/mariners/fans/bobblehead-gallery/2023,
Mariners,MLB,2023,2023-05-25,Athletics,Bark at the Park,theme|special_ticket,,,,https://www.mlb.com/press-release/press-release-seattle-mariners-announce-2023-special-events,
Mariners,MLB,2023,2023-05-26,Pirates,Postgame fireworks,fireworks,T-Mobile,,,https://www.mlb.com/press-release/press-release-seattle-mariners-announce-2023-special-events,
Mariners,MLB,2023,2023-05-27,Pirates,J.P. Crawford Funko POP!,giveaway|star_player,Funko,first 20000,,https://www.mlb.com/press-release/press-release-seattle-mariners-announce-2023-special-events,
Mariners,MLB,2023,2023-06-16,White Sox,Pride Night + Geno Vibes talking bottle opener,theme|giveaway,T-Mobile,first 10000,,https://www.mlb.com/press-release/press-release-seattle-mariners-announce-2023-special-events,
Mariners,MLB,2023,2023-06-17,White Sox,Salute to the Negro Leagues: Steelheads jersey,giveaway|theme,Alaska Airlines,,,https://www.mlb.com/press-release/press-release-seattle-mariners-announce-2023-special-events,
Mariners,MLB,2023,2023-06-26,Nationals,Indiana Jones ticket special: Logan Gilbert bobblehead,crossover|special_ticket|star_player,,,,https://www.mlb.com/mariners/fans/bobblehead-gallery/2023,
Mariners,MLB,2023,2023-06-30,Rays,Postgame fireworks,fireworks,T-Mobile,,,https://www.mlb.com/press-release/press-release-seattle-mariners-announce-2023-special-events,
Mariners,MLB,2023,2023-07-01,Rays,"Patriotic ""Cal-Boy"" hat",giveaway,,first 10000,,https://www.mlb.com/press-release/press-release-seattle-mariners-announce-2023-special-events,
Mariners,MLB,2023,2023-07-02,Rays,Stars & Stripes fanny pack,giveaway,,first 10000,,https://www.mlb.com/press-release/press-release-seattle-mariners-announce-2023-special-events,
Mariners,MLB,2023,2023-07-14,Tigers,Postgame fireworks,fireworks,T-Mobile,,,https://www.mlb.com/press-release/press-release-seattle-mariners-announce-2023-special-events,
Mariners,MLB,2023,2023-07-17,Twins,Bark at the Park,theme|special_ticket,,,,https://www.mlb.com/press-release/press-release-seattle-mariners-announce-2023-special-events,
Mariners,MLB,2023,2023-07-18,Twins,Ty France bobblehead,giveaway|star_player,ROOT Sports,first 20000,,https://www.mlb.com/press-release/press-release-seattle-mariners-announce-2023-special-events,
Mariners,MLB,2023,2023-07-19,Twins,DC Comics ticket special: Wonder Woman bobblehead,crossover|special_ticket,,,,https://www.mlb.com/mariners/fans/bobblehead-gallery/2023,
Mariners,MLB,2023,2023-08-08,Padres,Sesame Street ticket special: Elmo bobblehead,crossover|special_ticket,,,,https://www.mlb.com/mariners/fans/bobblehead-gallery/2023,
Mariners,MLB,2023,2023-08-09,Padres,Bark at the Park,theme|special_ticket,,,,https://www.mlb.com/press-release/press-release-seattle-mariners-announce-2023-special-events,
Mariners,MLB,2023,2023-08-11,Orioles,Félix-themed postgame fireworks,fireworks|star_player,T-Mobile,,,https://www.mlb.com/press-release/press-release-seattle-mariners-announce-2023-special-events,
Mariners,MLB,2023,2023-08-12,Orioles,Félix Hernández Mariners Hall of Fame induction ceremony,theme|star_player,,,,https://www.mlb.com/press-release/press-release-seattle-mariners-announce-2023-special-events,
Mariners,MLB,2023,2023-08-13,Orioles,Félix Hernández Hall of Fame bobblehead,giveaway|star_player,,first 20000,,https://www.mlb.com/press-release/press-release-seattle-mariners-announce-2023-special-events,
Mariners,MLB,2023,2023-08-25,Royals,Postgame fireworks,fireworks,T-Mobile,,,https://www.mlb.com/press-release/press-release-seattle-mariners-announce-2023-special-events,
Mariners,MLB,2023,2023-08-29,Athletics,Julio Rodríguez Funko POP! + Peanuts ticket special Charlie Brown bobblehead,giveaway|star_player|crossover|special_ticket,Funko,first 20000,,https://www.mlb.com/press-release/press-release-seattle-mariners-announce-2023-special-events,Charlie Brown item from SEA23b
Mariners,MLB,2023,2023-09-11,Angels,Bark at the Park + World Baseball Classic ticket special Julio Rodríguez bobblehead,theme|special_ticket|star_player,,,,https://www.mlb.com/press-release/press-release-seattle-mariners-announce-2023-special-events,bobblehead from SEA23b
Mariners,MLB,2023,2023-09-12,Angels,World Baseball Classic ticket special: Eugenio Suárez bobblehead,special_ticket|star_player,,,,https://www.mlb.com/mariners/fans/bobblehead-gallery/2023,
Mariners,MLB,2023,2023-09-29,Rangers,Postgame fireworks,fireworks,T-Mobile,,,https://www.mlb.com/press-release/press-release-seattle-mariners-announce-2023-special-events,
Mariners,MLB,2024,2024-03-28,Red Sox,Opening Day magnetic schedule,giveaway,,first 40000,,https://mktg.mlbstatic.com/mariners/documents/y2024/2024-promotions-schedule.pdf,
Mariners,MLB,2024,2024-03-29,Red Sox,College Night ($10 tickets),discount,,,,https://www.fox13seattle.com/news/seattle-mariners-2024-promotions-and-giveaways,
Mariners,MLB,2024,2024-04-01,Guardians,"Julio Rodríguez ""No-Fly Zone"" bobblehead + Value Game",giveaway|star_player|discount,,first 10000,,https://mktg.mlbstatic.com/mariners/documents/y2024/2024-promotions-schedule.pdf,bobblehead split across Apr 1-3 (10000 each night)
Mariners,MLB,2024,2024-04-02,Guardians,"Julio Rodríguez ""No-Fly Zone"" bobblehead + Value Game",giveaway|star_player|discount,,first 10000,,https://mktg.mlbstatic.com/mariners/documents/y2024/2024-promotions-schedule.pdf,bobblehead split across Apr 1-3
Mariners,MLB,2024,2024-04-03,Guardians,"Julio Rodríguez ""No-Fly Zone"" bobblehead + Value Game",giveaway|star_player|discount,,first 10000,,https://mktg.mlbstatic.com/mariners/documents/y2024/2024-promotions-schedule.pdf,bobblehead split across Apr 1-3
Mariners,MLB,2024,2024-04-12,Cubs,Hoodie + DC Comics Night (Aquaman ticket-special bobblehead) + College Night,giveaway|crossover|special_ticket|discount,,first 15000 (hoodie),,https://mktg.mlbstatic.com/mariners/documents/y2024/2024-promotions-schedule.pdf,
Mariners,MLB,2024,2024-04-13,Cubs,Salute to Armed Forces cap and jersey,giveaway|theme,Boeing,first 10000,,https://mktg.mlbstatic.com/mariners/documents/y2024/2024-promotions-schedule.pdf,
Mariners,MLB,2024,2024-04-14,Cubs,Little League Day (kids poster),giveaway,,kids 14 and under,,https://www.fox13seattle.com/news/seattle-mariners-2024-promotions-and-giveaways,
Mariners,MLB,2024,2024-04-15,Reds,"Ken Griffey Jr. ""Home Run Robbery"" bobblehead + Value Game",giveaway|star_player|discount,,first 10000,,https://mktg.mlbstatic.com/mariners/documents/y2024/2024-promotions-schedule.pdf,bobblehead split across Apr 15-17
Mariners,MLB,2024,2024-04-16,Reds,"Ken Griffey Jr. ""Home Run Robbery"" bobblehead + Value Game",giveaway|star_player|discount,,first 10000,,https://mktg.mlbstatic.com/mariners/documents/y2024/2024-promotions-schedule.pdf,bobblehead split across Apr 15-17
Mariners,MLB,2024,2024-04-17,Reds,"Ken Griffey Jr. ""Home Run Robbery"" bobblehead + Value Game",giveaway|star_player|discount,,first 10000,,https://mktg.mlbstatic.com/mariners/documents/y2024/2024-promotions-schedule.pdf,bobblehead split across Apr 15-17
Mariners,MLB,2024,2024-04-26,Diamondbacks,Turn Ahead the Clock jersey + College Night,giveaway|theme|discount,,,,https://www.fox13seattle.com/news/seattle-mariners-2024-promotions-and-giveaways,
Mariners,MLB,2024,2024-04-27,Diamondbacks,'90s Night neon hat + CWU jersey,giveaway|theme,,,,https://www.fox13seattle.com/news/seattle-mariners-2024-promotions-and-giveaways,
Mariners,MLB,2024,2024-04-28,Diamondbacks,Little League Day (kids poster),giveaway,,kids 14 and under,,https://www.fox13seattle.com/news/seattle-mariners-2024-promotions-and-giveaways,
Mariners,MLB,2024,2024-04-29,Braves,Bark at the Park + Value Game,theme|special_ticket|discount,,,,https://www.fox13seattle.com/news/seattle-mariners-2024-promotions-and-giveaways,
Mariners,MLB,2024,2024-04-30,Braves,Hello Kitty Night (ticket-special jersey) + Value Game,crossover|special_ticket|discount,,,,https://www.fox13seattle.com/news/seattle-mariners-2024-promotions-and-giveaways,
Mariners,MLB,2024,2024-05-01,Braves,Value Game,discount,,,,https://www.fox13seattle.com/news/seattle-mariners-2024-promotions-and-giveaways,
Mariners,MLB,2024,2024-05-10,Athletics,Cal Raleigh POP! + Teacher Appreciation mug + College Night,giveaway|star_player|theme|discount,Funko,first 20000,,https://mktg.mlbstatic.com/mariners/documents/y2024/2024-promotions-schedule.pdf,
Mariners,MLB,2024,2024-05-12,Athletics,Mother's Day crossbody bag + Little League Day,giveaway,Muckleshoot Casino Resort,first 10000 moms 21+,,https://mktg.mlbstatic.com/mariners/documents/y2024/2024-promotions-schedule.pdf,
Mariners,MLB,2024,2024-05-13,Royals,Value Game,discount,,,,https://www.fox13seattle.com/news/seattle-mariners-2024-promotions-and-giveaways,
Mariners,MLB,2024,2024-05-14,Royals,Nurse Appreciation Night mug + Value Game,theme|special_ticket|discount,,,,https://www.fox13seattle.com/news/seattle-mariners-2024-promotions-and-giveaways,
Mariners,MLB,2024,2024-05-15,Royals,Value Game,discount,,,,https://www.fox13seattle.com/news/seattle-mariners-2024-promotions-and-giveaways,
Mariners,MLB,2024,2024-05-28,Astros,Peanuts Night (Snoopy & Woodstock ticket-special bobblehead) + Value Game,crossover|special_ticket|discount,,,,https://www.fox13seattle.com/news/seattle-mariners-2024-promotions-and-giveaways,
Mariners,MLB,2024,2024-05-29,Astros,AANHPI Heritage Night + Bark at the Park + Value Game,theme|special_ticket|discount,,,,https://www.fox13seattle.com/news/seattle-mariners-2024-promotions-and-giveaways,
Mariners,MLB,2024,2024-05-30,Astros,Value Game,discount,,,,https://www.fox13seattle.com/news/seattle-mariners-2024-promotions-and-giveaways,
Mariners,MLB,2024,2024-05-31,Angels,Country Music Fireworks Night + College Night,fireworks|discount,T-Mobile / 98.9 The Bull,,,https://www.fox13seattle.com/news/seattle-mariners-2024-promotions-and-giveaways,
Mariners,MLB,2024,2024-06-01,Angels,Pride Day trucker hat + Zags Day,giveaway|theme,,first 10000,,https://mktg.mlbstatic.com/mariners/documents/y2024/2024-promotions-schedule.pdf,
Mariners,MLB,2024,2024-06-02,Angels,Little League Day + ALS Awareness Day,giveaway|theme,,kids 14 and under,,https://www.fox13seattle.com/news/seattle-mariners-2024-promotions-and-giveaways,
Mariners,MLB,2024,2024-06-10,White Sox,Bark at the Park + Value Game,theme|special_ticket|discount,,,,https://www.fox13seattle.com/news/seattle-mariners-2024-promotions-and-giveaways,
Mariners,MLB,2024,2024-06-11,White Sox,Value Game,discount,,,,https://www.fox13seattle.com/news/seattle-mariners-2024-promotions-and-giveaways,
Mariners,MLB,2024,2024-06-12,White Sox,Star Wars Night + Value Game,crossover|special_ticket|discount,,,,https://www.fox13seattle.com/news/seattle-mariners-2024-promotions-and-giveaways,
Mariners,MLB,2024,2024-06-13,White Sox,Pride Month t-shirt + Value Game,theme|special_ticket|discount,,,,https://www.fox13seattle.com/news/seattle-mariners-2024-promotions-and-giveaways,
Mariners,MLB,2024,2024-06-14,Rangers,Fireworks Night,fireworks,,,,https://www.fox13seattle.com/news/seattle-mariners-2024-promotions-and-giveaways,
Mariners,MLB,2024,2024-06-16,Rangers,Father's Day seat cushion + Youth Softball Day,giveaway,Muckleshoot Casino Resort,first 10000 dads 21+,,https://mktg.mlbstatic.com/mariners/documents/y2024/2024-promotions-schedule.pdf,
Mariners,MLB,2024,2024-06-28,Twins,J.P. Crawford City Connect bobblehead + Filipino Heritage Night jacket,giveaway|star_player|theme|special_ticket,,first 20000,,https://mktg.mlbstatic.com/mariners/documents/y2024/2024-promotions-schedule.pdf,team bobblehead gallery lists May 27-29; PDF date used
Mariners,MLB,2024,2024-06-29,Twins,Aloha shirt,giveaway,,first 15000,,https://mktg.mlbstatic.com/mariners/documents/y2024/2024-promotions-schedule.pdf,
Mariners,MLB,2024,2024-07-02,Orioles,Bark at the Park + Value Game,theme|special_ticket|discount,,,,https://www.fox13seattle.com/news/seattle-mariners-2024-promotions-and-giveaways,
Mariners,MLB,2024,2024-07-03,Orioles,Fireworks Night,fireworks,,,,https://www.fox13seattle.com/news/seattle-mariners-2024-promotions-and-giveaways,
Mariners,MLB,2024,2024-07-19,Astros,Fireworks Night + Pickleball Night (paddle),fireworks|theme|special_ticket,,,,https://www.fox13seattle.com/news/seattle-mariners-2024-promotions-and-giveaways,
Mariners,MLB,2024,2024-07-20,Astros,WSU Cougs Night jersey,theme|special_ticket,,,,https://www.fox13seattle.com/news/seattle-mariners-2024-promotions-and-giveaways,
Mariners,MLB,2024,2024-07-21,Astros,EWU Day jersey,theme|special_ticket,,,,https://www.fox13seattle.com/news/seattle-mariners-2024-promotions-and-giveaways,
Mariners,MLB,2024,2024-07-22,Angels,Sesame Street ticket special: Cookie Monster bobblehead,crossover|special_ticket,,,,https://www.mlb.com/mariners/fans/bobblehead-gallery/2024,
Mariners,MLB,2024,2024-07-23,Angels,International Trading Card Day (trading cards),giveaway,,,,https://www.fox13seattle.com/news/seattle-mariners-2024-promotions-and-giveaways,
Mariners,MLB,2024,2024-08-02,Phillies,UW Alumni Night jersey,theme|special_ticket,,,,https://www.fox13seattle.com/news/seattle-mariners-2024-promotions-and-giveaways,
Mariners,MLB,2024,2024-08-03,Phillies,University of Idaho Night jersey,theme|special_ticket,,,,https://www.fox13seattle.com/news/seattle-mariners-2024-promotions-and-giveaways,
Mariners,MLB,2024,2024-08-04,Phillies,Bucket hat,giveaway,Alaska Airlines,first 15000,,https://mktg.mlbstatic.com/mariners/documents/y2024/2024-promotions-schedule.pdf,
Mariners,MLB,2024,2024-08-06,Tigers,Harry Potter Night hat + House of the Dragon Luis Castillo ticket-special bobblehead + Value Game,crossover|special_ticket|star_player|discount,,,,https://www.fox13seattle.com/news/seattle-mariners-2024-promotions-and-giveaways,bobblehead from SEA24c
Mariners,MLB,2024,2024-08-07,Tigers,Bark at the Park + Value Game,theme|special_ticket|discount,,,,https://www.fox13seattle.com/news/seattle-mariners-2024-promotions-and-giveaways,
Mariners,MLB,2024,2024-08-08,Tigers,Grateful Dead ticket special (Dancing Bear bobblehead) + Value Game,crossover|special_ticket|discount,,,,https://www.mlb.com/mariners/fans/bobblehead-gallery/2024,
Mariners,MLB,2024,2024-08-09,Mets,Fireworks Night + Season Ticket Member Appreciation + Seattle U Night,fireworks|theme|special_ticket,,,,https://www.fox13seattle.com/news/seattle-mariners-2024-promotions-and-giveaways,
Mariners,MLB,2024,2024-08-10,Mets,Boise State Night jersey,theme|special_ticket,,,,https://www.fox13seattle.com/news/seattle-mariners-2024-promotions-and-giveaways,
Mariners,MLB,2024,2024-08-23,Giants,Fireworks Night + Margaritaville Night shirt,fireworks|crossover|special_ticket,,,,https://www.fox13seattle.com/news/seattle-mariners-2024-promotions-and-giveaways,
Mariners,MLB,2024,2024-08-24,Giants,Bowling Night shirt,theme|special_ticket,,,,https://www.fox13seattle.com/news/seattle-mariners-2024-promotions-and-giveaways,
Mariners,MLB,2024,2024-08-26,Rays,Native American Heritage jersey + Value Game,giveaway|theme|discount,Muckleshoot Casino Resort,first 10000 (21+),,https://mktg.mlbstatic.com/mariners/documents/y2024/2024-promotions-schedule.pdf,
Mariners,MLB,2024,2024-08-27,Rays,Card Show ticket special Julio Rodríguez bobblehead + Value Game,special_ticket|star_player|discount,,,,https://www.mlb.com/mariners/fans/bobblehead-gallery/2024,
Mariners,MLB,2024,2024-08-28,Rays,Value Game,discount,,,,https://www.fox13seattle.com/news/seattle-mariners-2024-promotions-and-giveaways,
Mariners,MLB,2024,2024-09-10,Padres,Hello Kitty Night crossbody bag + Value Game,crossover|special_ticket|discount,,,,https://www.fox13seattle.com/news/seattle-mariners-2024-promotions-and-giveaways,
Mariners,MLB,2024,2024-09-11,Padres,Value Game,discount,,,,https://www.fox13seattle.com/news/seattle-mariners-2024-promotions-and-giveaways,
Mariners,MLB,2024,2024-09-12,Rangers,Bark at the Park + Value Game,theme|special_ticket|discount,,,,https://www.fox13seattle.com/news/seattle-mariners-2024-promotions-and-giveaways,
Mariners,MLB,2024,2024-09-13,Rangers,Fireworks Night + Teacher Appreciation Night,fireworks|theme,,,,https://www.fox13seattle.com/news/seattle-mariners-2024-promotions-and-giveaways,
Mariners,MLB,2024,2024-09-14,Rangers,Luis Castillo POP! + Oktoberfest stein,giveaway|star_player|theme|special_ticket,Funko,first 20000,,https://mktg.mlbstatic.com/mariners/documents/y2024/2024-promotions-schedule.pdf,
Mariners,MLB,2024,2024-09-15,Rangers,Hispanic Heritage Day,theme,,,,https://www.fox13seattle.com/news/seattle-mariners-2024-promotions-and-giveaways,
Mariners,MLB,2024,2024-09-17,Yankees,Irish Heritage Night jersey,theme|special_ticket,,,,https://www.fox13seattle.com/news/seattle-mariners-2024-promotions-and-giveaways,
Mariners,MLB,2024,2024-09-18,Yankees,Flannel Night,theme|special_ticket,,,,https://www.fox13seattle.com/news/seattle-mariners-2024-promotions-and-giveaways,
Mariners,MLB,2024,2024-09-27,Athletics,Fan Appreciation Night + Fireworks Night + College Night,theme|fireworks|discount,,,,https://www.fox13seattle.com/news/seattle-mariners-2024-promotions-and-giveaways,
Mariners,MLB,2024,2024-09-29,Athletics,Kids Appreciation Day + Pink at the Park t-shirt,theme|special_ticket,,,,https://www.fox13seattle.com/news/seattle-mariners-2024-promotions-and-giveaways,
Yankees,MLB,2021,2021-07-20,Phillies,MLB Network tote bag,giveaway,MLB Network,first 10000,,https://www.stadiumgiveawayexchange.com/new-york-yankees/new-york-yankees-2021-promotional-stadium-giveaways/,
Yankees,MLB,2021,2021-08-03,Orioles,MLB Network tote bag,giveaway,MLB Network,first 10000,,https://www.stadiumgiveawayexchange.com/new-york-yankees/new-york-yankees-2021-promotional-stadium-giveaways/,
Yankees,MLB,2021,2021-08-06,Mariners,"Gerrit Cole ""Top Gun"" bobblehead",giveaway|star_player|crossover,Bank of America,first 18000,,https://www.stadiumgiveawayexchange.com/new-york-yankees/new-york-yankees-2021-promotional-stadium-giveaways/,
Yankees,MLB,2021,2021-08-20,Twins,DJ LeMahieu bobblehead,giveaway|star_player,T-Mobile,first 18000,,https://www.stadiumgiveawayexchange.com/new-york-yankees/new-york-yankees-2021-promotional-stadium-giveaways/,
Yankees,MLB,2021,2021-09-03,Orioles,2000 World Champions beer stein,giveaway|championship,Budweiser,first 18000 (21+),,https://www.stadiumgiveawayexchange.com/new-york-yankees/new-york-yankees-2021-promotional-stadium-giveaways/,
Yankees,MLB,2021,2021-09-07,Blue Jays,MLB Network tote bag,giveaway,MLB Network,first 10000,,https://www.stadiumgiveawayexchange.com/new-york-yankees/new-york-yankees-2021-promotional-stadium-giveaways/,
Yankees,MLB,2021,2021-09-17,Guardians,Camo cap,giveaway,Budweiser,first 18000 (21+),,https://www.stadiumgiveawayexchange.com/new-york-yankees/new-york-yankees-2021-promotional-stadium-giveaways/,
Yankees,MLB,2021,2021-09-18,Guardians,Don Mattingly bobblehead,giveaway|star_player,Delta Air Lines,first 18000,,https://www.stadiumgiveawayexchange.com/new-york-yankees/new-york-yankees-2021-promotional-stadium-giveaways/,
Yankees,MLB,2021,2021-09-21,Rangers,MLB Network tote bag,giveaway,MLB Network,first 10000,,https://www.stadiumgiveawayexchange.com/new-york-yankees/new-york-yankees-2021-promotional-stadium-giveaways/,
Yankees,MLB,2022,2022-04-14,Blue Jays,Elston Howard bobblehead,giveaway|star_player,Bank of America,first 18000,,https://www.stadiumgiveawayexchange.com/new-york-yankees/new-york-yankees-2022-promotional-stadium-giveaways/,
Yankees,MLB,2022,2022-04-22,Guardians,Lightweight hoodie,giveaway,Ford,first 18000,,https://www.stadiumgiveawayexchange.com/new-york-yankees/new-york-yankees-2022-promotional-stadium-giveaways/,
Yankees,MLB,2022,2022-04-24,Guardians,Scooby-Doo bobblehead (kids),giveaway|crossover,,first 5000 kids 14 and under,,https://www.stadiumgiveawayexchange.com/new-york-yankees/new-york-yankees-2022-promotional-stadium-giveaways/,
Yankees,MLB,2022,2022-05-08,Rangers (DH),Mother's Day purse,giveaway,,first 18000 (21+),,https://www.stadiumgiveawayexchange.com/new-york-yankees/new-york-yankees-2022-promotional-stadium-giveaways/,
Yankees,MLB,2022,2022-05-25,Orioles,Star Wars Night Yoda bobblehead,giveaway|crossover,,first 18000,,https://www.stadiumgiveawayexchange.com/new-york-yankees/new-york-yankees-2022-promotional-stadium-giveaways/,preseason release had May 6 (not a home date after the post-lockout schedule)
Yankees,MLB,2022,2022-06-03,Tigers,Aaron Judge bobblehead,giveaway|star_player,T-Mobile,first 18000,,https://www.stadiumgiveawayexchange.com/new-york-yankees/new-york-yankees-2022-promotional-stadium-giveaways/,
Yankees,MLB,2022,2022-06-10,Cubs,Andy Pettitte bobblehead,giveaway|star_player,Delta Air Lines,first 18000,,https://www.stadiumgiveawayexchange.com/new-york-yankees/new-york-yankees-2022-promotional-stadium-giveaways/,preseason release had May 20 (not a home date after the post-lockout schedule)
Yankees,MLB,2022,2022-06-11,Cubs,Arm sleeve (kids; MLB Play Ball Weekend),giveaway,,first 5000 kids 14 and under,,https://www.stadiumgiveawayexchange.com/new-york-yankees/new-york-yankees-2022-promotional-stadium-giveaways/,
Yankees,MLB,2022,2022-06-24,Astros,Nasty Nestor Cortes t-shirt,giveaway|star_player,Ford,first 18000,,https://www.stadiumgiveawayexchange.com/new-york-yankees/new-york-yankees-2022-promotional-stadium-giveaways/,
Yankees,MLB,2022,2022-07-12,Reds,Cap,giveaway,Wendy's,first 18000,,https://www.stadiumgiveawayexchange.com/new-york-yankees/new-york-yankees-2022-promotional-stadium-giveaways/,
Yankees,MLB,2022,2022-07-29,Royals,Pint glass,giveaway,Budweiser,first 18000 (21+),,https://www.stadiumgiveawayexchange.com/new-york-yankees/new-york-yankees-2022-promotional-stadium-giveaways/,
Yankees,MLB,2022,2022-07-30,Royals,Old-Timers' Day,theme|celebrity,,,,https://www.mlb.com/press-release/press-release-yankees-announce-2022-promotional-schedule,
Yankees,MLB,2022,2022-07-31,Royals,Collectible championship ring,giveaway|championship,Betteridge Jewelers,first 18000,,https://www.stadiumgiveawayexchange.com/new-york-yankees/new-york-yankees-2022-promotional-stadium-giveaways/,
Yankees,MLB,2022,2022-08-01,Mariners,Jerry Garcia bobblehead (special ticket),crossover|special_ticket|celebrity,,,,https://www.stadiumgiveawayexchange.com/new-york-yankees/new-york-yankees-2022-promotional-stadium-giveaways/,
Yankees,MLB,2022,2022-08-02,Mariners,MLB Network tote bag,giveaway,MLB Network,first 10000,,https://www.stadiumgiveawayexchange.com/new-york-yankees/new-york-yankees-2022-promotional-stadium-giveaways/,
Yankees,MLB,2022,2022-08-15,Rays,Beach towel (Harry Potter on Broadway),giveaway|crossover,Harry Potter on Broadway,,,https://www.stadiumgiveawayexchange.com/new-york-yankees/new-york-yankees-2022-promotional-stadium-giveaways/,
Yankees,MLB,2022,2022-08-17,Rays,Cap,giveaway,Canon,first 18000,,https://www.stadiumgiveawayexchange.com/new-york-yankees/new-york-yankees-2022-promotional-stadium-giveaways/,
Yankees,MLB,2022,2022-08-18,Blue Jays,Visor,giveaway,Benjamin Moore,first 18000,,https://www.stadiumgiveawayexchange.com/new-york-yankees/new-york-yankees-2022-promotional-stadium-giveaways/,
Yankees,MLB,2022,2022-08-19,Blue Jays,John Sterling & Suzyn Waldman talking bobblehead,giveaway|celebrity,WFAN,first 18000,,https://www.stadiumgiveawayexchange.com/new-york-yankees/new-york-yankees-2022-promotional-stadium-giveaways/,broadcasters
Yankees,MLB,2022,2022-08-20,Blue Jays,Camo cap,giveaway,Budweiser,first 18000 (21+),,https://www.stadiumgiveawayexchange.com/new-york-yankees/new-york-yankees-2022-promotional-stadium-giveaways/,
Yankees,MLB,2022,2022-08-21,Blue Jays,Paul O'Neill Day (number retirement),theme|star_player,,,,https://www.mlb.com/press-release/press-release-yankees-announce-2022-promotional-schedule,
Yankees,MLB,2022,2022-09-09,Rays,Derek Jeter Hall of Fame plaque replica,giveaway|star_player,Bank of America,first 40000,,https://www.stadiumgiveawayexchange.com/new-york-yankees/new-york-yankees-2022-promotional-stadium-giveaways/,
Yankees,MLB,2022,2022-09-10,Rays,Oris bear mug,giveaway,Oris,first 18000,,https://www.stadiumgiveawayexchange.com/new-york-yankees/new-york-yankees-2022-promotional-stadium-giveaways/,
Yankees,MLB,2022,2022-09-20,Pirates,T-shirt,giveaway,Sato,first 15000,,https://www.stadiumgiveawayexchange.com/new-york-yankees/new-york-yankees-2022-promotional-stadium-giveaways/,
Yankees,MLB,2022,2022-09-30,Orioles,Gerrit Cole bobblehead,giveaway|star_player,T-Mobile,first 18000,,https://www.stadiumgiveawayexchange.com/new-york-yankees/new-york-yankees-2022-promotional-stadium-giveaways/,
Yankees,MLB,2023,2023-03-30,Giants,Opening Day commemorative ticket,giveaway,,all guests,,https://www.stadiumgiveawayexchange.com/new-york-yankees/new-york-yankees-2023-promotional-stadium-giveaways/,
Yankees,MLB,2023,2023-04-01,Giants,Calendar,giveaway,Mastercard,first 40000,,https://www.stadiumgiveawayexchange.com/new-york-yankees/new-york-yankees-2023-promotional-stadium-giveaways/,
Yankees,MLB,2023,2023-04-02,Giants,Calendar,giveaway,Mastercard,first 40000,,https://www.stadiumgiveawayexchange.com/new-york-yankees/new-york-yankees-2023-promotional-stadium-giveaways/,
Yankees,MLB,2023,2023-04-14,Twins,Tino Martinez bobblehead,giveaway|star_player,Bank of America,first 18000,,https://www.stadiumgiveawayexchange.com/new-york-yankees/new-york-yankees-2023-promotional-stadium-giveaways/,
Yankees,MLB,2023,2023-05-11,Rays,Satchel Paige bobblehead,giveaway|star_player|theme,Negro Leagues Baseball Museum,,,https://www.stadiumgiveawayexchange.com/new-york-yankees/new-york-yankees-2023-promotional-stadium-giveaways/,
Yankees,MLB,2023,2023-05-12,Rays,Star Wars Night Anthony Rizzo Mandalorian bobblehead,giveaway|crossover|star_player,,first 18000,,https://www.stadiumgiveawayexchange.com/new-york-yankees/new-york-yankees-2023-promotional-stadium-giveaways/,
Yankees,MLB,2023,2023-05-26,Padres,Short-sleeve hoodie,giveaway,Budweiser,first 18000,,https://www.stadiumgiveawayexchange.com/new-york-yankees/new-york-yankees-2023-promotional-stadium-giveaways/,
Yankees,MLB,2023,2023-06-06,White Sox,Frank Sinatra bobblehead (special ticket; June 6-8),celebrity|special_ticket,,,,https://www.stadiumgiveawayexchange.com/new-york-yankees/new-york-yankees-2023-promotional-stadium-giveaways/,offered across the June 6-8 series
Yankees,MLB,2023,2023-06-08,White Sox (DH),Frank Sinatra bobblehead (special ticket; June 6-8),celebrity|special_ticket,,,,https://www.stadiumgiveawayexchange.com/new-york-yankees/new-york-yankees-2023-promotional-stadium-giveaways/,offered across the June 6-8 series; June 7 was not played at home
Yankees,MLB,2023,2023-06-20,Mariners,Beach towel,giveaway,Wendy's,first 18000,,https://www.stadiumgiveawayexchange.com/new-york-yankees/new-york-yankees-2023-promotional-stadium-giveaways/,
Yankees,MLB,2023,2023-06-23,Rangers,Marvel Super Hero Night: Derek Jeter Captain America bobblehead,giveaway|crossover|star_player,Delta Air Lines,first 18000,,https://mlb.com/press-release/release-yankees-announce-eight-additions-to-2023-promotional-schedule-4-17-23,
Yankees,MLB,2023,2023-06-25,Rangers,Collectible cup,giveaway,Premio Foods,first 25000,,https://www.stadiumgiveawayexchange.com/new-york-yankees/new-york-yankees-2023-promotional-stadium-giveaways/,
Yankees,MLB,2023,2023-07-03,Orioles,Fireworks Night,fireworks,,,,https://mlb.com/press-release/release-yankees-announce-eight-additions-to-2023-promotional-schedule-4-17-23,
Yankees,MLB,2023,2023-07-07,Cubs,Luis Severino bobblehead,giveaway|star_player,T-Mobile,first 18000,,https://www.stadiumgiveawayexchange.com/new-york-yankees/new-york-yankees-2023-promotional-stadium-giveaways/,
Yankees,MLB,2023,2023-07-09,Cubs,Hawaiian shirt,giveaway,Clear,first 18000,,https://mlb.com/press-release/release-yankees-announce-eight-additions-to-2023-promotional-schedule-4-17-23,
Yankees,MLB,2023,2023-07-21,Royals,Nestor Cortes bobblehead,giveaway|star_player,T-Mobile,first 18000,,https://www.stadiumgiveawayexchange.com/new-york-yankees/new-york-yankees-2023-promotional-stadium-giveaways/,
Yankees,MLB,2023,2023-07-22,Royals,Camo cap,giveaway,Budweiser,first 18000,,https://www.stadiumgiveawayexchange.com/new-york-yankees/new-york-yankees-2023-promotional-stadium-giveaways/,
Yankees,MLB,2023,2023-07-23,Royals,Oris bear mug,giveaway,Oris,first 18000,,https://www.stadiumgiveawayexchange.com/new-york-yankees/new-york-yankees-2023-promotional-stadium-giveaways/,
Yankees,MLB,2023,2023-07-31,Rays,Cap,giveaway,Canon,first 18000,,https://www.stadiumgiveawayexchange.com/new-york-yankees/new-york-yankees-2023-promotional-stadium-giveaways/,
Yankees,MLB,2023,2023-08-01,Rays,Jerry Garcia bobblehead (special ticket; Aug 1-3),crossover|special_ticket|celebrity,,,,https://www.stadiumgiveawayexchange.com/new-york-yankees/new-york-yankees-2023-promotional-stadium-giveaways/,offered across Aug 1-3
Yankees,MLB,2023,2023-08-02,Rays,Jerry Garcia bobblehead (special ticket; Aug 1-3),crossover|special_ticket|celebrity,,,,https://www.stadiumgiveawayexchange.com/new-york-yankees/new-york-yankees-2023-promotional-stadium-giveaways/,offered across Aug 1-3
Yankees,MLB,2023,2023-08-03,Astros,Aaron Judge basketball jersey + Jerry Garcia special ticket,giveaway|star_player|crossover|special_ticket,StubHub,first 18000,,https://mlb.com/press-release/release-yankees-announce-eight-additions-to-2023-promotional-schedule-4-17-23,
Yankees,MLB,2023,2023-08-04,Astros,Bucky Dent bobblehead,giveaway|star_player,Benjamin Moore,first 18000,,https://www.stadiumgiveawayexchange.com/new-york-yankees/new-york-yankees-2023-promotional-stadium-giveaways/,a Yanks Go Yard preview lists Aug 5
Yankees,MLB,2023,2023-08-06,Astros,Harry Potter Day cap,giveaway|crossover,StubHub,first 18000,,https://mlb.com/press-release/release-yankees-announce-eight-additions-to-2023-promotional-schedule-4-17-23,
Yankees,MLB,2023,2023-08-20,Red Sox,Roger Maris #61 bobblehead,giveaway|star_player,TikTok,first 18000,,https://mlb.com/press-release/release-yankees-announce-eight-additions-to-2023-promotional-schedule-4-17-23,
Yankees,MLB,2023,2023-08-24,Nationals,T-shirt,giveaway,SATO,first 15000,,https://www.stadiumgiveawayexchange.com/new-york-yankees/new-york-yankees-2023-promotional-stadium-giveaways/,
Yankees,MLB,2023,2023-09-07,Tigers,Lightweight hoodie,giveaway,Ford,first 18000,,https://www.stadiumgiveawayexchange.com/new-york-yankees/new-york-yankees-2023-promotional-stadium-giveaways/,
Yankees,MLB,2023,2023-09-10,Brewers,1998 championship replica ring,giveaway|championship,Betteridge Jewelers,first 18000,,https://www.stadiumgiveawayexchange.com/new-york-yankees/new-york-yankees-2023-promotional-stadium-giveaways/,
Yankees,MLB,2023,2023-09-22,Diamondbacks,Fleece vest,giveaway,New York Yankees Mastercard,first 18000,,https://mlb.com/press-release/release-yankees-announce-eight-additions-to-2023-promotional-schedule-4-17-23,
Yankees,MLB,2024,2024-04-07,Blue Jays,Calendar,giveaway,Mastercard,all guests,,https://www.stadiumgiveawayexchange.com/new-york-yankees/new-york-yankees-2024-promotional-stadium-giveaways/,
Yankees,MLB,2024,2024-04-20,Rays,Aaron Judge #62 bobblehead,giveaway|star_player,TikTok,first 18000,,https://www.stadiumgiveawayexchange.com/new-york-yankees/new-york-yankees-2024-promotional-stadium-giveaways/,
Yankees,MLB,2024,2024-05-03,Tigers,Tumbler,giveaway,Budweiser,first 18000 (21+),,https://www.stadiumgiveawayexchange.com/new-york-yankees/new-york-yankees-2024-promotional-stadium-giveaways/,
Yankees,MLB,2024,2024-05-04,Tigers,Star Wars Day Gerrit Cole Jedi bobblehead,giveaway|crossover|star_player,,first 18000,,https://www.stadiumgiveawayexchange.com/new-york-yankees/new-york-yankees-2024-promotional-stadium-giveaways/,
Yankees,MLB,2024,2024-05-17,White Sox,Hockey jersey,giveaway,StubHub,first 18000,,https://www.stadiumgiveawayexchange.com/new-york-yankees/new-york-yankees-2024-promotional-stadium-giveaways/,
Yankees,MLB,2024,2024-06-05,Twins,Juan Soto basketball jersey,giveaway|star_player,Canon,first 18000,,https://www.stadiumgiveawayexchange.com/new-york-yankees/new-york-yankees-2024-promotional-stadium-giveaways/,
Yankees,MLB,2024,2024-06-06,Twins,T-shirt,giveaway,Sato,first 18000,,https://www.stadiumgiveawayexchange.com/new-york-yankees/new-york-yankees-2024-promotional-stadium-giveaways/,
Yankees,MLB,2024,2024-06-19,Orioles,Socks,giveaway,Wendy's,first 18000,,https://www.stadiumgiveawayexchange.com/new-york-yankees/new-york-yankees-2024-promotional-stadium-giveaways/,
Yankees,MLB,2024,2024-06-23,Braves,Collectible cup,giveaway,Premio,first 18000,,https://www.stadiumgiveawayexchange.com/new-york-yankees/new-york-yankees-2024-promotional-stadium-giveaways/,
Yankees,MLB,2024,2024-07-05,Red Sox,Seinfeld George Costanza bobblehead,giveaway|crossover|celebrity,Delta Air Lines,first 18000,,https://www.stadiumgiveawayexchange.com/new-york-yankees/new-york-yankees-2024-promotional-stadium-giveaways/,
Yankees,MLB,2024,2024-07-19,Rays,Gerrit Cole Cy Young bobblehead,giveaway|star_player,T-Mobile,first 18000,,https://www.stadiumgiveawayexchange.com/new-york-yankees/new-york-yankees-2024-promotional-stadium-giveaways/,
Yankees,MLB,2024,2024-08-07,Angels (DH),Bucket hat,giveaway,Benjamin Moore,first 18000,,https://www.stadiumgiveawayexchange.com/new-york-yankees/new-york-yankees-2024-promotional-stadium-giveaways/,
Yankees,MLB,2024,2024-08-10,Rangers (DH),Camo cap,giveaway,Budweiser,first 18000 (21+),,https://www.stadiumgiveawayexchange.com/new-york-yankees/new-york-yankees-2024-promotional-stadium-giveaways/,
Yankees,MLB,2024,2024-08-11,Rangers,Anthony Volpe Gold Glove bobblehead,giveaway|star_player,T-Mobile,first 18000,,https://www.stadiumgiveawayexchange.com/new-york-yankees/new-york-yankees-2024-promotional-stadium-giveaways/,
Yankees,MLB,2024,2024-08-20,Guardians,John Sterling / Suzyn Waldman t-shirt,giveaway|celebrity,WFAN,first 15000,,https://www.stadiumgiveawayexchange.com/new-york-yankees/new-york-yankees-2024-promotional-stadium-giveaways/,
Yankees,MLB,2024,2024-08-30,Cardinals,Football jersey,giveaway,,first 18000,,https://www.stadiumgiveawayexchange.com/new-york-yankees/new-york-yankees-2024-promotional-stadium-giveaways/,
Yankees,MLB,2024,2024-09-13,Red Sox,Jersey hoodie,giveaway,Starr Insurance,first 18000,,https://www.stadiumgiveawayexchange.com/new-york-yankees/new-york-yankees-2024-promotional-stadium-giveaways/,
Yankees,MLB,2024,2024-09-14,Red Sox,Marcus Stroman Foundation Day,theme,,,,https://secretnyc.co/new-york-yankees-giveaways/,
Yankees,MLB,2024,2024-09-15,Red Sox,Frank Sinatra bobblehead,celebrity|giveaway,,,,https://secretnyc.co/new-york-yankees-giveaways/,ticket-package item per source
Yankees,MLB,2024,2024-09-25,Orioles,Derek Jeter bobblehead,giveaway|star_player,,,,https://secretnyc.co/new-york-yankees-giveaways/,
Yankees,MLB,2024,2024-09-28,Pirates,Hispanic Heritage cap,giveaway|theme,,,,https://secretnyc.co/new-york-yankees-giveaways/,
Mets,MLB,2021,2021-04-23,Nationals,3/4-sleeve baseball shirt (Apr 23-25 series),giveaway,Goya,all fans,,https://www.stadiumgiveawayexchange.com/new-york-mets/new-york-mets-2021-promotional-stadium-giveaways/,capacity-limited period; item given across the series
Mets,MLB,2021,2021-04-24,Nationals,3/4-sleeve baseball shirt (Apr 23-25 series),giveaway,Goya,all fans,,https://www.stadiumgiveawayexchange.com/new-york-mets/new-york-mets-2021-promotional-stadium-giveaways/,capacity-limited period
Mets,MLB,2021,2021-04-25,Nationals,3/4-sleeve baseball shirt (Apr 23-25 series),giveaway,Goya,all fans,,https://www.stadiumgiveawayexchange.com/new-york-mets/new-york-mets-2021-promotional-stadium-giveaways/,capacity-limited period
Mets,MLB,2021,2021-05-07,Diamondbacks,Mrs. Met as Wonder Woman bobblehead (May 7-9 series),giveaway|crossover,,,,https://www.stadiumgiveawayexchange.com/new-york-mets/new-york-mets-2021-promotional-stadium-giveaways/,capacity-limited period; item given across the series
Mets,MLB,2021,2021-05-08,Diamondbacks,Mrs. Met as Wonder Woman bobblehead (May 7-9 series),giveaway|crossover,,,,https://www.stadiumgiveawayexchange.com/new-york-mets/new-york-mets-2021-promotional-stadium-giveaways/,capacity-limited period
Mets,MLB,2021,2021-05-09,Diamondbacks,Mrs. Met as Wonder Woman bobblehead (May 7-9 series),giveaway|crossover,,,,https://www.stadiumgiveawayexchange.com/new-york-mets/new-york-mets-2021-promotional-stadium-giveaways/,capacity-limited period
Mets,MLB,2021,2021-05-29,Braves,Cap (May 29-30),giveaway,,,,https://www.stadiumgiveawayexchange.com/new-york-mets/new-york-mets-2021-promotional-stadium-giveaways/,capacity-limited period
Mets,MLB,2021,2021-07-31,Reds,Mets Hall of Fame challenge coins,giveaway,Jake's 58,first 12000,,https://www.stadiumgiveawayexchange.com/new-york-mets/new-york-mets-2021-promotional-stadium-giveaways/,
Mets,MLB,2021,2021-08-27,Nationals,Noah Syndergaard replica jersey,giveaway|star_player,Northwell Health,first 25000,,https://www.stadiumgiveawayexchange.com/new-york-mets/new-york-mets-2021-promotional-stadium-giveaways/,
Mets,MLB,2021,2021-08-28,Nationals,Jerry Koosman number retirement + bobblehead,giveaway|star_player|theme,,first 25000,,https://www.stadiumgiveawayexchange.com/new-york-mets/new-york-mets-2021-promotional-stadium-giveaways/,
Mets,MLB,2021,2021-08-29,Nationals,Mr. & Mrs. Met back-to-school kit,giveaway,,first 15000,,https://www.stadiumgiveawayexchange.com/new-york-mets/new-york-mets-2021-promotional-stadium-giveaways/,
Mets,MLB,2021,2021-09-17,Phillies,Pete Alonso black t-shirt,giveaway|star_player,Jake's 58,first 20000,,https://www.stadiumgiveawayexchange.com/new-york-mets/new-york-mets-2021-promotional-stadium-giveaways/,
Mets,MLB,2021,2021-09-19,Phillies,MLB Network tote bag + 2022 magnetic schedule,giveaway,Hyundai,all fans,,https://www.stadiumgiveawayexchange.com/new-york-mets/new-york-mets-2021-promotional-stadium-giveaways/,
Mets,MLB,2022,2022-04-15,Diamondbacks,Jackie Robinson Brooklyn Dodgers name-and-number t-shirt,giveaway|theme,,first 25000,,https://www.stadiumgiveawayexchange.com/new-york-mets/new-york-mets-2022-promotional-stadium-giveaways/,
Mets,MLB,2022,2022-04-16,Diamondbacks,Tom Seaver replica statue,giveaway|star_player,,first 25000,,https://www.stadiumgiveawayexchange.com/new-york-mets/new-york-mets-2022-promotional-stadium-giveaways/,
Mets,MLB,2022,2022-04-30,Phillies,Francisco Lindor bobble gnome,giveaway|star_player,New Balance,first 25000,,https://www.stadiumgiveawayexchange.com/new-york-mets/new-york-mets-2022-promotional-stadium-giveaways/,
Mets,MLB,2022,2022-05-04,Braves,Trevor May Mandalorian bobblehead (Star Wars Night),crossover|star_player|special_ticket,,first 3000,,https://www.stadiumgiveawayexchange.com/new-york-mets/new-york-mets-2022-promotional-stadium-giveaways/,
Mets,MLB,2022,2022-05-14,Mariners,Polar Bear Pete Alonso bobblehead,giveaway|star_player,Citi,first 25000,,https://www.stadiumgiveawayexchange.com/new-york-mets/new-york-mets-2022-promotional-stadium-giveaways/,
Mets,MLB,2022,2022-05-15,Mariners,Mr. & Mrs. Met sidewalk chalk,giveaway,Bamba,first 15000,,https://www.stadiumgiveawayexchange.com/new-york-mets/new-york-mets-2022-promotional-stadium-giveaways/,
Mets,MLB,2022,2022-07-09,Marlins,Keith Hernandez bobblehead,giveaway|star_player,,,,https://www.stadiumgiveawayexchange.com/new-york-mets/new-york-mets-2022-promotional-stadium-giveaways/,
Mets,MLB,2022,2022-07-24,Padres,Gil Hodges bobblehead,giveaway|star_player,,,,https://www.stadiumgiveawayexchange.com/new-york-mets/new-york-mets-2022-promotional-stadium-giveaways/,
Mets,MLB,2022,2022-08-06,Braves (DH),Jacob deGrom strikeout-counter bobblehead,giveaway|star_player,,first 25000,,https://www.stadiumgiveawayexchange.com/new-york-mets/new-york-mets-2022-promotional-stadium-giveaways/,
Mets,MLB,2022,2022-08-13,Phillies,Ron Darling bobblehead,giveaway|star_player|celebrity,,,,https://www.stadiumgiveawayexchange.com/new-york-mets/new-york-mets-2022-promotional-stadium-giveaways/,
Mets,MLB,2022,2022-08-26,Rockies,Max Scherzer strikeout-counter bobblehead,giveaway|star_player,Citi,first 25000,,https://www.stadiumgiveawayexchange.com/new-york-mets/new-york-mets-2022-promotional-stadium-giveaways/,
Mets,MLB,2022,2022-09-14,Cubs,Sparky and Mr. Met bobblehead (theme ticket),crossover|special_ticket,,,,https://www.stadiumgiveawayexchange.com/new-york-mets/new-york-mets-2022-promotional-stadium-giveaways/,
Mets,MLB,2022,2022-09-17,Pirates,Gary Cohen bobblehead,giveaway|celebrity,,,,https://www.stadiumgiveawayexchange.com/new-york-mets/new-york-mets-2022-promotional-stadium-giveaways/,broadcaster
Mets,MLB,2023,2023-04-08,Marlins,Citi Field replica,giveaway,Delta Air Lines,first 25000,,https://www.stadiumgiveawayexchange.com/new-york-mets/new-york-mets-2023-promotional-stadium-giveaways/,
Mets,MLB,2023,2023-05-05,Rockies,Fireworks (first Friday home game of May),fireworks,,,,https://www.mlb.com/press-release/press-release-new-york-mets-announce-2023-promotions-schedule,date derived from the release's rule (first Friday home game each month) and the schedule
Mets,MLB,2023,2023-05-06,Rockies,Mental Health Awareness Day + knit series Mrs. Met,giveaway|theme,,first 15000,,https://www.mlb.com/press-release/press-release-new-york-mets-announce-2023-promotions-schedule,
Mets,MLB,2023,2023-05-31,Phillies,Howie Rose sound bobblehead,giveaway|celebrity,Audacy / WCBS 880,first 15000,,https://www.mlb.com/press-release/press-release-new-york-mets-announce-2023-promotions-schedule,broadcaster
Mets,MLB,2023,2023-06-02,Blue Jays,Fireworks (first Friday home game of June),fireworks,,,,https://www.mlb.com/press-release/press-release-new-york-mets-announce-2023-promotions-schedule,date derived from the release's rule and the schedule
Mets,MLB,2023,2023-06-03,Blue Jays,Mets Hall of Fame induction (Johnson / Leiter / Cohen / Rose),theme|star_player,,,,https://www.mlb.com/press-release/press-release-new-york-mets-announce-2023-promotions-schedule,
Mets,MLB,2023,2023-06-04,Blue Jays,Pete Alonso-inspired neon sunglasses,giveaway|star_player,,first 15000,,https://www.mlb.com/press-release/press-release-new-york-mets-announce-2023-promotions-schedule,
Mets,MLB,2023,2023-06-16,Cardinals,Pride Night hand fan,giveaway|theme,Justworks,all fans,,https://www.mlb.com/press-release/press-release-new-york-mets-announce-2023-promotions-schedule,
Mets,MLB,2023,2023-06-18,Cardinals,Father's Day bucket hat,giveaway,Nathan's Famous,first 15000,,https://www.mlb.com/press-release/press-release-new-york-mets-announce-2023-promotions-schedule,
Mets,MLB,2023,2023-06-26,Brewers,Starling Marte Black Panther bobblehead + Black Legacy Game,giveaway|crossover|star_player|theme,,first 15000,,https://www.mlb.com/press-release/press-release-new-york-mets-announce-2023-promotions-schedule,
Mets,MLB,2023,2023-06-27,Brewers,Mr. Met as Indiana Jones bobblehead,giveaway|crossover,,first 15000,,https://www.stadiumgiveawayexchange.com/new-york-mets/new-york-mets-2023-promotional-stadium-giveaways/,
Mets,MLB,2023,2023-06-29,Brewers,Filipino Heritage Night,theme,,,,https://www.mlb.com/press-release/press-release-new-york-mets-announce-2023-promotions-schedule,
Mets,MLB,2023,2023-07-14,Dodgers,Fireworks (first Friday home game of July),fireworks,,,,https://www.mlb.com/press-release/press-release-new-york-mets-announce-2023-promotions-schedule,date derived from the release's rule and the schedule
Mets,MLB,2023,2023-07-18,White Sox,Basketball jersey,giveaway,,first 15000,,https://www.mlb.com/press-release/press-release-new-york-mets-announce-2023-promotions-schedule,
Mets,MLB,2023,2023-07-19,White Sox,Topps baseball cards,giveaway,Topps,,,https://www.mlb.com/press-release/press-release-new-york-mets-announce-2023-promotions-schedule,
Mets,MLB,2023,2023-07-27,Nationals,Soccer jersey,giveaway,Citi,first 15000,,https://www.mlb.com/press-release/press-release-new-york-mets-announce-2023-promotions-schedule,
Mets,MLB,2023,2023-08-09,Cubs,Football jersey,giveaway,Jake's 58,first 15000,,https://www.mlb.com/press-release/press-release-new-york-mets-announce-2023-promotions-schedule,
Mets,MLB,2023,2023-08-11,Braves,Fireworks (first Friday home game of August),fireworks,,,,https://www.mlb.com/press-release/press-release-new-york-mets-announce-2023-promotions-schedule,date derived from the release's rule and the schedule
Mets,MLB,2023,2023-08-12,Braves (DH),Knit series Mr. Met,giveaway,Bamba,first 15000,,https://www.stadiumgiveawayexchange.com/new-york-mets/new-york-mets-2023-promotional-stadium-giveaways/,
Mets,MLB,2023,2023-08-13,Braves,Irish Heritage Night,theme,,,,https://www.mlb.com/press-release/press-release-new-york-mets-announce-2023-promotions-schedule,
Mets,MLB,2023,2023-08-14,Pirates,Korean Heritage Night,theme,,,,https://www.mlb.com/press-release/press-release-new-york-mets-announce-2023-promotions-schedule,
Mets,MLB,2023,2023-08-15,Pirates,Edwin Díaz trumpet bobblehead,giveaway|star_player,Hyundai,first 15000,,https://www.mlb.com/press-release/press-release-new-york-mets-announce-2023-promotions-schedule,
Mets,MLB,2023,2023-08-16,Pirates,Max Scherzer-inspired two-tone sunglasses,giveaway|star_player,Citi,first 15000,,https://www.mlb.com/press-release/press-release-new-york-mets-announce-2023-promotions-schedule,
Mets,MLB,2023,2023-08-25,Angels,Japanese Heritage Night + Kodai Senga glow-in-the-dark ghost fork ball,giveaway|star_player|theme,Hyundai,first 15000,,https://www.mlb.com/press-release/press-release-new-york-mets-announce-2023-promotions-schedule,
Mets,MLB,2023,2023-08-26,Angels,Women's Equality Night,theme,,,,https://www.mlb.com/press-release/press-release-new-york-mets-announce-2023-promotions-schedule,
Mets,MLB,2023,2023-08-27,Angels,Taiwanese Heritage Night,theme,,,,https://www.mlb.com/press-release/press-release-new-york-mets-announce-2023-promotions-schedule,
Mets,MLB,2023,2023-08-30,Rangers,MLB Network hat,giveaway,MLB Network,,,https://www.mlb.com/press-release/press-release-new-york-mets-announce-2023-promotions-schedule,
Mets,MLB,2023,2023-09-01,Mariners,Chinese Heritage Night + fireworks,theme|fireworks,Toyota (fireworks),,,https://www.mlb.com/press-release/press-release-new-york-mets-announce-2023-promotions-schedule,
Mets,MLB,2023,2023-09-02,Mariners,Corduroy hat,giveaway,,first 15000,,https://www.mlb.com/press-release/press-release-new-york-mets-announce-2023-promotions-schedule,
Mets,MLB,2023,2023-09-03,Mariners,Jewish Heritage Day,theme,,,,https://www.mlb.com/press-release/press-release-new-york-mets-announce-2023-promotions-schedule,
Mets,MLB,2023,2023-09-12,Diamondbacks,Hockey jersey,giveaway,Premio,first 15000,,https://www.mlb.com/press-release/press-release-new-york-mets-announce-2023-promotions-schedule,
Mets,MLB,2023,2023-09-15,Reds,Hispanic Heritage Night,theme,Hijole,,,https://www.mlb.com/press-release/press-release-new-york-mets-announce-2023-promotions-schedule,
Mets,MLB,2023,2023-09-28,Marlins,Buck Showalter-inspired windbreaker,giveaway,,first 15000,,https://www.mlb.com/press-release/press-release-new-york-mets-announce-2023-promotions-schedule,
Mets,MLB,2023,2023-09-30,Phillies (DH),Tie-dye headband,giveaway,,all fans,,https://www.mlb.com/press-release/press-release-new-york-mets-announce-2023-promotions-schedule,
Mets,MLB,2024,2024-04-01,Tigers,Rugby shirt,giveaway,SeatGeek,first 15000,,https://www.mlb.com/mets/press-release/press-release-new-york-mets-announce-initial-2024-promotions-schedule-new-saturday-game-times,
Mets,MLB,2024,2024-04-13,Royals,Dwight Gooden moving-arm bobblehead,giveaway|star_player,Cadillac,first 15000,,https://www.stadiumgiveawayexchange.com/new-york-mets/new-york-mets-2024-promotional-stadium-giveaways/,
Mets,MLB,2024,2024-04-14,Royals,Dwight Gooden #16 jersey retirement,theme|star_player,,,,https://www.mlb.com/mets/press-release/press-release-new-york-mets-announce-initial-2024-promotions-schedule-new-saturday-game-times,
Mets,MLB,2024,2024-04-27,Cardinals,Hogwarts House scarves,giveaway|crossover,Northwell,first 15000,,https://www.mlb.com/mets/press-release/press-release-new-york-mets-announce-initial-2024-promotions-schedule-new-saturday-game-times,
Mets,MLB,2024,2024-05-11,Braves,Mr. Met London telephone booth bobblehead,giveaway,Coca-Cola,first 15000,,https://www.mlb.com/mets/press-release/press-release-new-york-mets-announce-initial-2024-promotions-schedule-new-saturday-game-times,
Mets,MLB,2024,2024-05-12,Braves,Tumbler,giveaway,Northwell,first 15000,,https://www.mlb.com/mets/press-release/press-release-new-york-mets-announce-initial-2024-promotions-schedule-new-saturday-game-times,
Mets,MLB,2024,2024-05-25,Giants,Artist Series Joel Mesler beach tote,giveaway,,first 15000,,https://www.mlb.com/mets/press-release/press-release-new-york-mets-announce-initial-2024-promotions-schedule-new-saturday-game-times,
Mets,MLB,2024,2024-05-26,Giants,Hello Kitty light-up bow bobblehead,giveaway|crossover,,first 15000,,https://www.mlb.com/mets/press-release/press-release-new-york-mets-announce-initial-2024-promotions-schedule-new-saturday-game-times,
Mets,MLB,2024,2024-05-31,Diamondbacks,Fireworks Night,fireworks,,,,https://www.mlb.com/mets/press-release/press-release-new-york-mets-announce-initial-2024-promotions-schedule-new-saturday-game-times,
Mets,MLB,2024,2024-06-01,Diamondbacks,Darryl Strawberry #18 jersey retirement,theme|star_player,,,,https://www.mlb.com/mets/press-release/press-release-new-york-mets-announce-initial-2024-promotions-schedule-new-saturday-game-times,
Mets,MLB,2024,2024-06-02,Diamondbacks,Darryl Strawberry baseball-card bobblehead,giveaway|star_player,,first 15000,,https://www.stadiumgiveawayexchange.com/new-york-mets/new-york-mets-2024-promotional-stadium-giveaways/,
Mets,MLB,2024,2024-06-15,Padres,Hawaiian shirt,giveaway,Nathan's,first 15000,,https://www.mlb.com/mets/press-release/press-release-new-york-mets-announce-initial-2024-promotions-schedule-new-saturday-game-times,
Mets,MLB,2024,2024-06-28,Astros,Pride hat + fireworks,giveaway|theme|fireworks,Citi,first 15000,,https://www.mlb.com/mets/press-release/press-release-new-york-mets-announce-initial-2024-promotions-schedule-new-saturday-game-times,
Mets,MLB,2024,2024-06-30,Astros,Basketball jersey,giveaway,Premio,first 15000,,https://www.mlb.com/mets/press-release/press-release-new-york-mets-announce-initial-2024-promotions-schedule-new-saturday-game-times,
Mets,MLB,2024,2024-07-09,Nationals,Soccer jersey,giveaway,Samsung,first 15000,,https://www.mlb.com/mets/press-release/press-release-new-york-mets-announce-initial-2024-promotions-schedule-new-saturday-game-times,
Mets,MLB,2024,2024-07-12,Rockies,Brandon Nimmo bobblehead,giveaway|star_player,Hyundai,first 15000,,https://www.mlb.com/mets/press-release/press-release-new-york-mets-announce-initial-2024-promotions-schedule-new-saturday-game-times,
Mets,MLB,2024,2024-07-13,Rockies,Artist Series Rashid Johnson bucket hat,giveaway,,first 15000,,https://www.mlb.com/mets/press-release/press-release-new-york-mets-announce-initial-2024-promotions-schedule-new-saturday-game-times,
Mets,MLB,2024,2024-07-25,Braves,Pickleball paddle,giveaway,Citi,first 15000,,https://www.mlb.com/mets/press-release/press-release-new-york-mets-announce-initial-2024-promotions-schedule-new-saturday-game-times,
Mets,MLB,2024,2024-07-26,Braves,Fireworks Night,fireworks,,,,https://www.mlb.com/mets/press-release/press-release-new-york-mets-announce-initial-2024-promotions-schedule-new-saturday-game-times,
Mets,MLB,2024,2024-07-27,Braves,Mike Piazza Mercury Mets replica jersey,giveaway|star_player,,first 15000,,https://www.mlb.com/mets/press-release/press-release-new-york-mets-announce-initial-2024-promotions-schedule-new-saturday-game-times,
Mets,MLB,2024,2024-07-29,Twins,Francisco Lindor streetwear bobblehead,giveaway|star_player,Delta Air Lines,first 15000,,https://www.mlb.com/mets/press-release/press-release-new-york-mets-announce-initial-2024-promotions-schedule-new-saturday-game-times,
Mets,MLB,2024,2024-07-31,Twins,Topps baseball cards,giveaway,Topps,first 10000,,https://www.mlb.com/mets/press-release/press-release-new-york-mets-announce-initial-2024-promotions-schedule-new-saturday-game-times,
Mets,MLB,2024,2024-08-16,Marlins,Fireworks Night,fireworks,,,,https://www.mlb.com/mets/press-release/press-release-new-york-mets-announce-initial-2024-promotions-schedule-new-saturday-game-times,
Mets,MLB,2024,2024-08-18,Marlins,Football jersey,giveaway,,first 15000,,https://www.mlb.com/mets/press-release/press-release-new-york-mets-announce-initial-2024-promotions-schedule-new-saturday-game-times,
Mets,MLB,2024,2024-09-03,Red Sox,Artist Series Sarah Sze baseball hat,giveaway,,first 15000,,https://www.stadiumgiveawayexchange.com/new-york-mets/new-york-mets-2024-promotional-stadium-giveaways/,
Mets,MLB,2024,2024-09-07,Reds,Hockey jersey,giveaway,Hyundai,first 15000,,https://www.stadiumgiveawayexchange.com/new-york-mets/new-york-mets-2024-promotional-stadium-giveaways/,
Mets,MLB,2024,2024-09-18,Nationals,Reversible hoodie,giveaway,Citi,first 15000,,https://www.mlb.com/mets/press-release/press-release-new-york-mets-announce-initial-2024-promotions-schedule-new-saturday-game-times,
Mets,MLB,2024,2024-09-21,Phillies,Fan Appreciation beanie,giveaway,,all fans,,https://www.mlb.com/mets/press-release/press-release-new-york-mets-announce-initial-2024-promotions-schedule-new-saturday-game-times,
Lakers,NBA,2024-25,2024-10-22,Timberwolves,West 44 (Jerry West) jersey,giveaway|star_player,,,,https://secretlosangeles.com/la-lakers-giveaway-schedule/,
Lakers,NBA,2024-25,2024-10-26,Kings,Pride crossbody bag,giveaway|theme,,,,https://secretlosangeles.com/la-lakers-giveaway-schedule/,
Lakers,NBA,2024-25,2024-11-10,Raptors,Camo hat,giveaway|theme,Pechanga,,,https://secretlosangeles.com/la-lakers-giveaway-schedule/,
Lakers,NBA,2024-25,2024-11-13,Grizzlies,Collectible pin set,giveaway,,,,https://secretlosangeles.com/la-lakers-giveaway-schedule/,
Lakers,NBA,2024-25,2024-11-21,Magic,City Edition-inspired socks,giveaway,,,,https://secretlosangeles.com/la-lakers-giveaway-schedule/,
Lakers,NBA,2024-25,2024-12-08,Trail Blazers,Greetings From Los Angeles postcard set,giveaway,,,,https://secretlosangeles.com/la-lakers-giveaway-schedule/,
Lakers,NBA,2024-25,2024-12-23,Pistons,Holiday sweater,giveaway,,,,https://secretlosangeles.com/la-lakers-giveaway-schedule/,
Lakers,NBA,2024-25,2025-01-03,Hawks,License plate frame,giveaway,,,,https://secretlosangeles.com/la-lakers-giveaway-schedule/,
Lakers,NBA,2024-25,2025-01-13,Spurs,Cooper 21 (Michael Cooper) jersey,giveaway|star_player,,,,https://secretlosangeles.com/la-lakers-giveaway-schedule/,
Lakers,NBA,2024-25,2025-01-21,Wizards,Collectible pin set,giveaway,,,,https://secretlosangeles.com/la-lakers-giveaway-schedule/,
Lakers,NBA,2024-25,2025-02-08,Pacers,Water bottle caddy,giveaway,,,,https://secretlosangeles.com/la-lakers-giveaway-schedule/,
Lakers,NBA,2024-25,2025-03-04,Pelicans,Luggage strap,giveaway,,,,https://secretlosangeles.com/la-lakers-giveaway-schedule/,
Lakers,NBA,2024-25,2025-03-22,Bulls,Sneaker bag,giveaway,,,,https://secretlosangeles.com/la-lakers-giveaway-schedule/,
Lakers,NBA,2024-25,2025-03-31,Rockets,Collectible pin set,giveaway,,,,https://secretlosangeles.com/la-lakers-giveaway-schedule/,
Lakers,NBA,2024-25,2025-04-04,Pelicans,Sneaker shoelaces,giveaway,,,,https://secretlosangeles.com/la-lakers-giveaway-schedule/,
Lakers,NBA,2024-25,2025-04-11,Rockets,Tote bag,giveaway,,,,https://secretlosangeles.com/la-lakers-giveaway-schedule/,
Clippers,NBA,2025-26,2026-03-25,Raptors,"Kawhi Leonard ""Klaw Machine"" bobblehead",giveaway|star_player,,,,https://x.com/TomerAzarly/status/2032596978597769444,from a beat reporter's post (seen in search results); not confirmed on a team page
Kings,NHL,2024-25,2024-10-24,Sharks,Rally towel,giveaway,,first 20000,,https://nhl.com/kings/news/kings-announce-2024-25-theme-nights-promotional-games,
Kings,NHL,2024-25,2024-11-02,Blackhawks,Día de Muertos (alebrijes for all; hat add-on),giveaway|theme|special_ticket,,all fans,,https://nhl.com/kings/news/kings-announce-2024-25-theme-nights-promotional-games,
Kings,NHL,2024-25,2024-11-09,Blue Jackets,Salute to Service (ticket pack option),theme|special_ticket,,,,https://nhl.com/kings/news/kings-announce-2024-25-theme-nights-promotional-games,
Kings,NHL,2024-25,2024-11-23,Kraken,Indian Cultural Celebration (scarf add-on),theme|special_ticket,,,,https://nhl.com/kings/news/kings-announce-2024-25-theme-nights-promotional-games,
Kings,NHL,2024-25,2024-12-07,Wild,Star Wars Night (neck gaiter for all; bobblehead add-on),giveaway|crossover|special_ticket,,all fans,,https://nhl.com/kings/news/kings-announce-2024-25-theme-nights-promotional-games,
Kings,NHL,2024-25,2025-02-07,Stars,Filipino Heritage Night (beanie add-on),theme|special_ticket,,,,https://nhl.com/kings/news/kings-announce-2024-25-theme-nights-promotional-games,
Kings,NHL,2024-25,2025-02-08,Ducks,Country Night bandana,giveaway|theme,,all fans,,https://nhl.com/kings/news/kings-announce-2024-25-theme-nights-promotional-games,
Kings,NHL,2024-25,2025-02-22,Utah,Armenian Heritage Night (beanie add-on),theme|special_ticket,,,,https://nhl.com/kings/news/kings-announce-2024-25-theme-nights-promotional-games,
Kings,NHL,2024-25,2025-03-23,Bruins,K-Town Night (beanie add-on),theme|special_ticket,,,,https://nhl.com/kings/news/kings-announce-2024-25-theme-nights-promotional-games,
Kings,NHL,2024-25,2025-03-29,Maple Leafs,Pride Night bucket hat,giveaway|theme,,all fans,,https://nhl.com/kings/news/kings-announce-2024-25-theme-nights-promotional-games,
Kings,NHL,2024-25,2025-04-10,Ducks,Green Game reusable tote,giveaway|theme,,all fans,,https://nhl.com/kings/news/kings-announce-2024-25-theme-nights-promotional-games,
Kings,NHL,2024-25,2025-04-12,Avalanche,Fan & Season Ticket Member Appreciation bobblehead,giveaway|theme,,all fans,,https://nhl.com/kings/news/kings-announce-2024-25-theme-nights-promotional-games,
Ducks,NHL,2023-24,2023-10-15,Hurricanes,Opening Night light-up wristband + t-shirt + magnet schedule,giveaway|theme,Western National Property Mgmt; Honda; Bally Sports,all fans (wristband),,https://www.nhl.com/ducks/fans/promotional-schedule-visit-anaheim,
Ducks,NHL,2023-24,2023-11-01,Coyotes,Día de Muertos crewneck,giveaway|theme,HERDEZ,,,https://www.nhl.com/ducks/fans/promotional-schedule-visit-anaheim,
Ducks,NHL,2023-24,2023-11-07,Penguins,Native American Heritage Night hat,giveaway|theme,San Manuel Band of Mission Indians,,,https://www.nhl.com/ducks/fans/promotional-schedule-visit-anaheim,
Ducks,NHL,2023-24,2023-11-10,Flyers,Military Appreciation boonie hat,giveaway|theme,Pacific Premier Bank,,,https://www.nhl.com/ducks/fans/promotional-schedule-visit-anaheim,
Ducks,NHL,2023-24,2023-11-12,Sharks,Legacy Night: Paul Kariya bobblehead,giveaway|star_player,UCI Health,,,https://www.nhl.com/ducks/fans/promotional-schedule-visit-anaheim,
Ducks,NHL,2023-24,2023-12-21,Flames,Wild Wing holiday beanie,giveaway|theme,Chick-fil-A SoCal,,,https://www.nhl.com/ducks/fans/promotional-schedule-visit-anaheim,
Ducks,NHL,2023-24,2024-01-07,Red Wings,Legacy Night: Teemu Selanne bobblehead,giveaway|star_player,,,,https://www.nhl.com/ducks/fans/promotional-schedule-visit-anaheim,
Ducks,NHL,2023-24,2024-02-21,Blue Jackets,Lunar New Year commemorative coin,giveaway|theme,,,,https://www.nhl.com/ducks/fans/promotional-schedule-visit-anaheim,
Ducks,NHL,2023-24,2024-03-06,Senators,30th anniversary gym bag (Health & Wellness Night),giveaway|theme,UCI Health,,,https://www.nhl.com/ducks/fans/promotional-schedule-visit-anaheim,
Ducks,NHL,2023-24,2024-03-19,Wild,30th anniversary blanket,giveaway,Vida Divina,,,https://www.nhl.com/ducks/fans/promotional-schedule-visit-anaheim,
Ducks,NHL,2023-24,2024-04-05,Kraken,Legacy Night: Mason McTavish bobblehead,giveaway|star_player,OC Navigator,,,https://www.nhl.com/ducks/fans/promotional-schedule-visit-anaheim,
Ducks,NHL,2023-24,2024-04-12,Flames,Fan Appreciation prize scratcher,giveaway|theme,DigAlert,,,https://www.nhl.com/ducks/fans/promotional-schedule-visit-anaheim,
Galaxy,MLS,2022,2022-05-14,FC Dallas,'90s Night,theme,Platinum 7x Vodka,,,https://www.lagalaxy.com/news/la-galaxy-announce-2022-theme-nights-schedule,
Galaxy,MLS,2022,2022-05-29,Austin FC,Pride Night,theme,Sherwin-Williams,,,https://www.lagalaxy.com/news/la-galaxy-announce-2022-theme-nights-schedule,
Galaxy,MLS,2022,2022-07-04,CF Montréal,Fireworks Night,fireworks,Alaska Airlines,,,https://www.lagalaxy.com/news/la-galaxy-announce-2022-theme-nights-schedule,
Galaxy,MLS,2022,2022-07-24,Atlanta United,Star Wars Night,crossover,Wingstop,,,https://www.lagalaxy.com/news/la-galaxy-announce-2022-theme-nights-schedule,
Galaxy,MLS,2022,2022-08-13,Vancouver Whitecaps,Kids' Night,theme,Dignity Health,,,https://www.lagalaxy.com/news/la-galaxy-announce-2022-theme-nights-schedule,
Galaxy,MLS,2022,2022-09-04,Sporting Kansas City,Alumni Night,theme,Corazón Tequila,,,https://www.lagalaxy.com/news/la-galaxy-announce-2022-theme-nights-schedule,
Galaxy,MLS,2022,2022-09-17,Colorado Rapids,Vamos Galaxy Night,theme,Kinecta FCU,,,https://www.lagalaxy.com/news/la-galaxy-announce-2022-theme-nights-schedule,
Galaxy,MLS,2022,2022-10-01,Real Salt Lake,Fan Appreciation Night,theme,San Manuel Band of Mission Indians,,,https://www.lagalaxy.com/news/la-galaxy-announce-2022-theme-nights-schedule,
LAFC,MLS,2023,2023-10-01,Real Salt Lake,Latin American Heritage Night: Carlos Vela bobblehead (club's first),giveaway|star_player|theme,Ford,first 10000,,https://www.lafc.com/news/lafc-to-celebrate-latin-american-heritage-night-presented-by-ford-on-oct-1-at-bm,
Rams,NFL,2024,2024-09-22,49ers,Sean McVay bobblehead (season ticket members only),giveaway|special_ticket,,limited,,https://therams.com/news/2024-rams-gameday-giveaway-schedule-sofi-stadium,
Rams,NFL,2024,2024-10-24,Vikings,LA foam finger (TNF),giveaway,,first 60000,,https://therams.com/news/2024-rams-gameday-giveaway-schedule-sofi-stadium,
Rams,NFL,2024,2024-11-11,Dolphins,Military-themed wall flag (MNF / Veterans Day),giveaway|theme,,first 60000,,https://therams.com/news/2024-rams-gameday-giveaway-schedule-sofi-stadium,
Rams,NFL,2024,2024-11-24,Eagles,Party Like It's 1999 jersey towel (1999 champions 25th anniversary),giveaway|championship,,first 60000,,https://therams.com/news/2024-rams-gameday-giveaway-schedule-sofi-stadium,
Rams,NFL,2024,2024-12-08,Bills,Trading card deck,giveaway,,first 60000,,https://therams.com/news/2024-rams-gameday-giveaway-schedule-sofi-stadium,
Rams,NFL,2025,2025-09-07,Texans,Vamos Rams schedule magnet,giveaway,,all fans,,https://www.therams.com/news/2025-rams-gameday-giveaways-announced-sofi-stadium,
Rams,NFL,2025,2025-09-28,Colts,Trading card pack,giveaway,,all fans,,https://www.therams.com/news/2025-rams-gameday-giveaways-announced-sofi-stadium,
Rams,NFL,2025,2025-11-02,Saints,Salute to Service apron,giveaway|theme,Verizon,all fans,,https://www.therams.com/news/2025-rams-gameday-giveaways-announced-sofi-stadium,
Rams,NFL,2025,2025-11-16,Seahawks,Mini rally towel (Rivalries uniform),giveaway,,all fans,,https://www.therams.com/news/2025-rams-gameday-giveaways-announced-sofi-stadium,
Rams,NFL,2025,2025-11-23,Buccaneers,Aaron Donald bobblehead with GOAT figure,giveaway|star_player,,first 60000,,https://www.therams.com/news/2025-rams-gameday-giveaways-announced-sofi-stadium,
Rams,NFL,2026,2026-09-21,Giants,1951 championship beach towel (MNF),giveaway|championship,,,,https://www.therams.com/news/2026-rams-gameday-giveaway-gift-with-purchase-items-replica-championship-ring-mvp-towel-hello-kitty-minnie-mouse-ears,
Rams,NFL,2026,2026-10-12,Bills,Stafford MVP rally towel (MNF),giveaway|star_player,Hyundai,,,https://www.therams.com/news/2026-rams-gameday-giveaway-gift-with-purchase-items-replica-championship-ring-mvp-towel-hello-kitty-minnie-mouse-ears,upcoming
Rams,NFL,2026,2026-10-18,Cardinals,Replica championship ring + Minnie Mouse ears (gift with purchase),giveaway|championship|crossover|special_ticket,Cedars-Sinai; Disneyland Resort,first 60000 (ring),,https://www.therams.com/news/2026-rams-gameday-giveaway-gift-with-purchase-items-replica-championship-ring-mvp-towel-hello-kitty-minnie-mouse-ears,upcoming
Rams,NFL,2026,2026-12-03,Chiefs,Jersey rally towel (TNF),giveaway,,,,https://www.therams.com/news/2026-rams-gameday-giveaway-gift-with-purchase-items-replica-championship-ring-mvp-towel-hello-kitty-minnie-mouse-ears,upcoming
Liberty,WNBA,2024,2024-05-18,,Home opener,theme,,,,https://liberty.wnba.com/news/new-york-liberty-announce-2024-theme-games,opponent not given; team release lists 10 theme nights but only these two are dated in the readable text
Liberty,WNBA,2024,2024-05-23,,AAPI Night (third annual),theme,,,,https://liberty.wnba.com/news/new-york-liberty-announce-2024-theme-games,
Rangers,NHL,2025-26,2025-10-20,,Centennial theme night: 1926-42 Birth of the Franchise,theme|championship,,,,https://s23.q4cdn.com/716592820/files/doc_news/Rangers-Announce-Centennial-Season-Theme-Nights-and-Initiatives-Celebrating-100-Years-of-Franchise-History-2025.pdf,opponent not given in source
Rangers,NHL,2025-26,2025-11-08,,Centennial theme night: Milestones and Moments,theme,,,,https://s23.q4cdn.com/716592820/files/doc_news/Rangers-Announce-Centennial-Season-Theme-Nights-and-Initiatives-Celebrating-100-Years-of-Franchise-History-2025.pdf,
Rangers,NHL,2025-26,2025-11-16,,Centennial theme night: 1942-67 Original Six Era,theme,,,,https://s23.q4cdn.com/716592820/files/doc_news/Rangers-Announce-Centennial-Season-Theme-Nights-and-Initiatives-Celebrating-100-Years-of-Franchise-History-2025.pdf,
Rangers,NHL,2025-26,2025-12-13,,Centennial theme night: 1967-91 The New Garden,theme,,,,https://s23.q4cdn.com/716592820/files/doc_news/Rangers-Announce-Centennial-Season-Theme-Nights-and-Initiatives-Celebrating-100-Years-of-Franchise-History-2025.pdf,
Rangers,NHL,2025-26,2026-01-08,,Centennial theme night: Fan Favorites,theme,,,,https://s23.q4cdn.com/716592820/files/doc_news/Rangers-Announce-Centennial-Season-Theme-Nights-and-Initiatives-Celebrating-100-Years-of-Franchise-History-2025.pdf,
Rangers,NHL,2025-26,2026-01-26,,Centennial theme night: 1991-04 Legendary Blueshirts,theme|championship,,,,https://s23.q4cdn.com/716592820/files/doc_news/Rangers-Announce-Centennial-Season-Theme-Nights-and-Initiatives-Celebrating-100-Years-of-Franchise-History-2025.pdf,
Rangers,NHL,2025-26,2026-02-05,,Centennial theme night: Goaltenders,theme|star_player,,,,https://s23.q4cdn.com/716592820/files/doc_news/Rangers-Announce-Centennial-Season-Theme-Nights-and-Initiatives-Celebrating-100-Years-of-Franchise-History-2025.pdf,
Rangers,NHL,2025-26,2026-03-05,,Centennial theme night: 2004-present Modern Era,theme,,,,https://s23.q4cdn.com/716592820/files/doc_news/Rangers-Announce-Centennial-Season-Theme-Nights-and-Initiatives-Celebrating-100-Years-of-Franchise-History-2025.pdf,
Islanders,NHL,2024-25,2024-10-10,,Opening Night scarf,giveaway|theme,,all fans,,https://thehockeynews.com/nhl/new-york-islanders/players/new-york-islanders-promo-nights-group-nights-ubs-arena-release,opponent not given in source
Islanders,NHL,2024-25,2024-11-09,Devils,Military Appreciation camo trucker hat,giveaway|theme,,first 10000,,https://thehockeynews.com/nhl/new-york-islanders/players/new-york-islanders-promo-nights-group-nights-ubs-arena-release,
Islanders,NHL,2024-25,2025-01-16,,Pride Night belt bag (special ticket),theme|special_ticket,,first 500,,https://thehockeynews.com/nhl/new-york-islanders/players/new-york-islanders-promo-nights-group-nights-ubs-arena-release,
Islanders,NHL,2024-25,2025-01-24,,Star Wars Night,crossover,,,,https://thehockeynews.com/nhl/new-york-islanders/players/new-york-islanders-promo-nights-group-nights-ubs-arena-release,
Islanders,NHL,2024-25,2025-03-22,Flames,Youth Hockey Day tape (special ticket),theme|special_ticket,,first 300,,https://thehockeynews.com/nhl/new-york-islanders/players/new-york-islanders-promo-nights-group-nights-ubs-arena-release,
Islanders,NHL,2024-25,2025-04-15,,Fan Appreciation Night,theme,,,,https://thehockeynews.com/nhl/new-york-islanders/players/new-york-islanders-promo-nights-group-nights-ubs-arena-release,
Islanders,NHL,2025-26,2025-10-11,Capitals,Opening scarf,giveaway|theme,UBS,all fans,,https://www.amny.com/sports/islanders-giveaways-25-26-8-19-25,
Islanders,NHL,2025-26,2025-10-13,Jets,Superheroes Day,theme|crossover,,,,https://www.amny.com/sports/islanders-giveaways-25-26-8-19-25,
Islanders,NHL,2025-26,2025-11-07,Wild,Camo hat,giveaway|theme,Ford,first 10000,,https://www.amny.com/sports/islanders-giveaways-25-26-8-19-25,
Islanders,NHL,2025-26,2025-11-22,Blues,Hockey Fights Cancer,theme,Northwell,,,https://www.amny.com/sports/islanders-giveaways-25-26-8-19-25,
Islanders,NHL,2025-26,2025-11-26,Bruins,Mat Barzal bobblehead,giveaway|star_player,UBS,first 10000,,https://www.amny.com/sports/islanders-giveaways-25-26-8-19-25,
Islanders,NHL,2025-26,2025-11-28,Flyers,Yearbook,giveaway,,all fans,,https://www.amny.com/sports/islanders-giveaways-25-26-8-19-25,
Islanders,NHL,2025-26,2025-11-30,Capitals,Gaming Day,theme,,,,https://www.amny.com/sports/islanders-giveaways-25-26-8-19-25,
Islanders,NHL,2025-26,2025-12-23,Devils,Ugly-sweater replica jersey,giveaway|theme,,first 10000,,https://www.amny.com/sports/islanders-giveaways-25-26-8-19-25,
Islanders,NHL,2025-26,2026-01-06,Devils,First Responders Night,theme,Northwell,,,https://www.amny.com/sports/islanders-giveaways-25-26-8-19-25,
Islanders,NHL,2025-26,2026-01-24,Sabres,Islanders Children's Foundation Day,theme,,,,https://www.amny.com/sports/islanders-giveaways-25-26-8-19-25,
Islanders,NHL,2025-26,2026-01-31,Predators,Bo Horvat bobblehead,giveaway|star_player,Hyundai,first 10000,,https://www.amny.com/sports/islanders-giveaways-25-26-8-19-25,
Islanders,NHL,2025-26,2026-03-01,Panthers,Star Wars Night,crossover,,,,https://www.amny.com/sports/islanders-giveaways-25-26-8-19-25,
Islanders,NHL,2025-26,2026-03-24,Blackhawks,Women in Sports Night,theme,,,,https://www.amny.com/sports/islanders-giveaways-25-26-8-19-25,
Islanders,NHL,2025-26,2026-03-26,Stars,Pride Night,theme,,,,https://www.amny.com/sports/islanders-giveaways-25-26-8-19-25,
Islanders,NHL,2025-26,2026-03-28,Panthers,Mascots Day,theme,,,,https://www.amny.com/sports/islanders-giveaways-25-26-8-19-25,
Islanders,NHL,2025-26,2026-04-11,Senators,Youth Hockey Day,theme,,,,https://www.amny.com/sports/islanders-giveaways-25-26-8-19-25,
Islanders,NHL,2025-26,2026-04-14,Hurricanes,Fan Appreciation Night,theme,jetBlue,,,https://www.amny.com/sports/islanders-giveaways-25-26-8-19-25,
Devils,NHL,2024-25,2024-10-10,Maple Leafs,Home opener rally towel,giveaway|theme,Citizens,all fans,,https://nhl.com/devils/news/devils-announce-theme-night-giveaway-schedule-release-9-26-24,
Devils,NHL,2024-25,2024-10-22,Lightning,Hispanic Heritage Night,theme,,,,https://nhl.com/devils/news/devils-announce-theme-night-giveaway-schedule-release-9-26-24,
Devils,NHL,2024-25,2024-11-10,Sharks,Military Appreciation camo bag,giveaway|theme,Prudential Financial,first 9000,,https://nhl.com/devils/news/devils-announce-theme-night-giveaway-schedule-release-9-26-24,
Devils,NHL,2024-25,2024-11-30,Capitals,Hockey Fights Cancer,theme,RWJBarnabas Health,,,https://nhl.com/devils/news/devils-announce-theme-night-giveaway-schedule-release-9-26-24,
Devils,NHL,2024-25,2024-12-06,Kraken,Devils Youth Foundation Night,theme,,,,https://nhl.com/devils/news/devils-announce-theme-night-giveaway-schedule-release-9-26-24,
Devils,NHL,2024-25,2024-12-10,Maple Leafs,Pride Night,theme,,,,https://nhl.com/devils/news/devils-announce-theme-night-giveaway-schedule-release-9-26-24,
Devils,NHL,2024-25,2024-12-21,Penguins,Devils Down the Shore,theme,,,,https://nhl.com/devils/news/devils-announce-theme-night-giveaway-schedule-release-9-26-24,
Devils,NHL,2024-25,2025-01-14,Panthers,Asian & Pacific Islander Heritage Night,theme,,,,https://nhl.com/devils/news/devils-announce-theme-night-giveaway-schedule-release-9-26-24,
Devils,NHL,2024-25,2025-01-18,,Next Generation Weekend: Ondrej Palat toy block set,giveaway|star_player,RWJBarnabas Health,first 9000,,https://nhl.com/devils/news/devils-announce-theme-night-giveaway-schedule-release-9-26-24,opponent not given
Devils,NHL,2024-25,2025-01-22,Bruins,Ring of Honor pin,giveaway|star_player,Citizens,all fans,,https://nhl.com/devils/news/devils-announce-theme-night-giveaway-schedule-release-9-26-24,
Devils,NHL,2024-25,2025-02-06,Golden Knights,Black History Celebration,theme,,,,https://nhl.com/devils/news/devils-announce-theme-night-giveaway-schedule-release-9-26-24,
Devils,NHL,2024-25,2025-02-22,Stars,Jersey Rocks (concert ticket chances),theme|celebrity,Prudential,,,https://nhl.com/devils/news/devils-announce-theme-night-giveaway-schedule-release-9-26-24,
Devils,NHL,2024-25,2025-03-20,Flames,Gaming group night,theme|special_ticket,,,,https://nhl.com/devils/news/devils-announce-theme-night-giveaway-schedule-release-9-26-24,
Devils,NHL,2024-25,2025-03-22,Senators,Mascot Madness NJ Devil hat,giveaway|theme,MSG Networks,first 9000,,https://nhl.com/devils/news/devils-announce-theme-night-giveaway-schedule-release-9-26-24,
Devils,NHL,2024-25,2025-03-24,Canucks,Women's Empowerment,theme,,,,https://nhl.com/devils/news/devils-announce-theme-night-giveaway-schedule-release-9-26-24,
Devils,NHL,2024-25,2025-03-31,Wild,Autism Acceptance,theme,Schindler,,,https://nhl.com/devils/news/devils-announce-theme-night-giveaway-schedule-release-9-26-24,
Devils,NHL,2024-25,2025-04-16,Red Wings,Made in Jersey Night: Jacob Markstrom bobblehead,giveaway|star_player,,first 9000,,https://nhl.com/devils/news/devils-announce-theme-night-giveaway-schedule-release-9-26-24,
Giants,NFL,2022,2022-09-18,Panthers,Home opener rally towel,giveaway|theme,Pepsi,all fans,,https://www.giants.com/news/giants-announce-2022-gameday-themes-nfl-schedule,
Giants,NFL,2022,2022-09-26,Cowboys,Ring of Honor rally towel,giveaway|theme,PNC,all fans,,https://www.giants.com/news/giants-announce-2022-gameday-themes-nfl-schedule,
Giants,NFL,2022,2022-10-02,Bears,Legacy game pennant,giveaway|theme,Quest,first 30000,,https://www.giants.com/news/giants-announce-2022-gameday-themes-nfl-schedule,
Giants,NFL,2022,2022-10-16,Ravens,Latino Heritage + Crucial Catch,theme,Tommy Hilfiger,,,https://www.giants.com/news/giants-announce-2022-gameday-themes-nfl-schedule,
Giants,NFL,2022,2022-11-13,Texans,Salute to Service scarf,giveaway|theme,Ford,first 30000,,https://www.giants.com/news/giants-announce-2022-gameday-themes-nfl-schedule,
Giants,NFL,2022,2022-11-20,Lions,NFL Play 60,theme,,,,https://www.giants.com/news/giants-announce-2022-gameday-themes-nfl-schedule,
Giants,NFL,2022,2022-12-04,Commanders,Legacy game pennant + My Cause My Cleats,giveaway|theme,Quest,first 30000,,https://www.giants.com/news/giants-announce-2022-gameday-themes-nfl-schedule,
Giants,NFL,2022,2022-12-11,Eagles,Man of the Year,theme,Grayscale,,,https://www.giants.com/news/giants-announce-2022-gameday-themes-nfl-schedule,
Giants,NFL,2022,2023-01-01,Colts,Inspire Change,theme,Verizon,,,https://www.giants.com/news/giants-announce-2022-gameday-themes-nfl-schedule,
Giants,NFL,2023,2023-09-10,Cowboys,Home opener rally towel + t-shirt,giveaway|theme,PNC Private Bank / Pepsi,25000 shirts,,https://www.giants.com/news/giants-announce-marvel-super-herotm-day-among-2023-gameday-themes,
Giants,NFL,2023,2023-10-02,Seahawks,Crucial Catch rally towel,giveaway|theme,Visa,all fans,,https://www.giants.com/news/giants-announce-marvel-super-herotm-day-among-2023-gameday-themes,
Giants,NFL,2023,2023-10-22,Commanders,Legacy game pennant,giveaway|theme,Quest,first 25000,,https://www.giants.com/news/giants-announce-marvel-super-herotm-day-among-2023-gameday-themes,
Giants,NFL,2023,2023-10-29,Jets,Marvel Super Hero Day (Eli Manning poster + coin),giveaway|crossover|star_player,Invisalign / Marvel,25000 posters / 1000 coins,,https://www.giants.com/news/giants-announce-marvel-super-herotm-day-among-2023-gameday-themes,
Giants,NFL,2023,2023-11-26,Patriots,Salute to Service scarf,giveaway|theme,Ford,first 25000,,https://www.giants.com/news/giants-announce-marvel-super-herotm-day-among-2023-gameday-themes,
Giants,NFL,2023,2023-12-11,Packers,Legacy game pennant,giveaway|theme,Quest,first 25000,,https://www.giants.com/news/giants-announce-marvel-super-herotm-day-among-2023-gameday-themes,
Giants,NFL,2023,2023-12-31,Rams,Inspire Change,theme,Ticketmaster,,,https://www.giants.com/news/giants-announce-marvel-super-herotm-day-among-2023-gameday-themes,
Giants,NFL,2024,2024-09-08,Vikings,100th season commemorative coin,giveaway,Bud Light,all fans,,https://www.giants.com/news/new-york-giants-announce-100th-season-gameday-bobblehead-series,
Giants,NFL,2024,2024-10-13,Bengals,Tom Coughlin bobblehead,giveaway|star_player,Citizens,first 25000,,https://www.giants.com/news/new-york-giants-announce-100th-season-gameday-bobblehead-series,
Giants,NFL,2024,2024-11-03,Commanders,Lawrence Taylor bobblehead,giveaway|star_player,Quest,first 25000,,https://www.giants.com/news/new-york-giants-announce-100th-season-gameday-bobblehead-series,
Giants,NFL,2024,2024-11-24,Buccaneers,Military-themed scarf,giveaway|theme,Ford,first 25000,,https://www.giants.com/news/new-york-giants-announce-100th-season-gameday-bobblehead-series,
Giants,NFL,2024,2024-12-08,Saints,Frank Gifford bobblehead,giveaway|star_player,Pepsi,first 25000,,https://www.giants.com/news/new-york-giants-announce-100th-season-gameday-bobblehead-series,
Jets,NFL,2025,2025-09-07,Steelers,Kickoff J-E-T-S flag,giveaway|theme,Smirnoff Ice,,,https://www.newyorkjets.com/news/jets-announce-2025-game-initiatives-giveaways,
Jets,NFL,2025,2025-09-14,Bills,Hispanic Heritage rally towel,giveaway|theme,Pepsi,,,https://www.newyorkjets.com/news/jets-announce-2025-game-initiatives-giveaways,
Jets,NFL,2025,2025-10-05,Cowboys,Crucial Catch,theme,Atlantic Health System,,,https://www.newyorkjets.com/news/jets-announce-2025-game-initiatives-giveaways,
Jets,NFL,2025,2025-10-19,Panthers,Plane magnet,giveaway,JetBlue,,,https://www.newyorkjets.com/news/jets-announce-2025-game-initiatives-giveaways,
Jets,NFL,2025,2025-11-09,Browns,Salute to Service,theme,Verizon,,,https://www.newyorkjets.com/news/jets-announce-2025-game-initiatives-giveaways,
Jets,NFL,2025,2025-11-30,Falcons,First Responders Day & My Cause My Cleats,theme,New Jersey Lottery,,,https://www.newyorkjets.com/news/jets-announce-2025-game-initiatives-giveaways,
Jets,NFL,2025,2025-12-07,Dolphins,Rivalry game (Gotham City uniform debut) jersey & rally towel,giveaway|theme,Avery Dennison,,,https://www.newyorkjets.com/news/jets-announce-2025-game-initiatives-giveaways,
Jets,NFL,2025,2025-12-28,Patriots,Inspire Change,theme,Ticketmaster,,,https://www.newyorkjets.com/news/jets-announce-2025-game-initiatives-giveaways,
NYCFC,MLS,2025,2025-03-15,New England Revolution,Women's Empowerment (Yankee Stadium),theme,CityMD,,,https://www.newyorkcityfc.com/news/new-york-city-fc-unveils-2025-city-celebration-series,
NYCFC,MLS,2025,2025-04-06,Minnesota United,Healthy Lives (Yankee Stadium),theme,Capital Rx,,,https://www.newyorkcityfc.com/news/new-york-city-fc-unveils-2025-city-celebration-series,
NYCFC,MLS,2025,2025-05-10,CF Montréal,Borough Night (Yankee Stadium),theme,Modelo,,,https://www.newyorkcityfc.com/news/new-york-city-fc-unveils-2025-city-celebration-series,
NYCFC,MLS,2025,2025-05-28,Houston Dynamo,Black Excellence (Yankee Stadium),theme,,,,https://www.newyorkcityfc.com/news/new-york-city-fc-unveils-2025-city-celebration-series,
NYCFC,MLS,2025,2025-06-12,Atlanta United,Pride Night (Yankee Stadium),theme,Nissan,,,https://www.newyorkcityfc.com/news/new-york-city-fc-unveils-2025-city-celebration-series,
NYCFC,MLS,2025,2025-08-09,Columbus Crew,Kids Night (Citi Field),theme,,,,https://www.newyorkcityfc.com/news/new-york-city-fc-unveils-2025-city-celebration-series,
NYCFC,MLS,2025,2025-09-19,Charlotte FC,Noche Latina (Yankee Stadium),theme,Goya,,,https://www.newyorkcityfc.com/news/new-york-city-fc-unveils-2025-city-celebration-series,
NYCFC,MLS,2026,2026-04-18,Charlotte FC,Rookie Night (Citi Field),theme,Rugs.com,,,https://www.newyorkcityfc.com/news/new-york-city-fc-announce-2026-city-celebration-series-and-theme-nights,
NYCFC,MLS,2026,2026-04-22,FC Cincinnati,College Night (Yankee Stadium),theme|discount,Capital Rx,,,https://www.newyorkcityfc.com/news/new-york-city-fc-announce-2026-city-celebration-series-and-theme-nights,
NYCFC,MLS,2026,2026-05-03,D.C. United,Kids Day (Citi Field),theme,MetroPlusHealth,,,https://www.newyorkcityfc.com/news/new-york-city-fc-announce-2026-city-celebration-series-and-theme-nights,
NYCFC,MLS,2026,2026-05-06,LAFC,AAPI Night (Citi Field),theme,Etihad Airways,,,https://www.newyorkcityfc.com/news/new-york-city-fc-announce-2026-city-celebration-series-and-theme-nights,
NYCFC,MLS,2026,2026-05-10,Columbus Crew,Women's Empowerment (Yankee Stadium),theme,Casper,,,https://www.newyorkcityfc.com/news/new-york-city-fc-announce-2026-city-celebration-series-and-theme-nights,
NYCFC,MLS,2026,2026-07-25,Chicago Fire,Community Night (Yankee Stadium),theme,AAA,,,https://www.newyorkcityfc.com/news/new-york-city-fc-announce-2026-city-celebration-series-and-theme-nights,
NYCFC,MLS,2026,2026-07-31,Toronto FC,Harry Potter Night (Yankee Stadium),crossover,,,,https://www.newyorkcityfc.com/news/new-york-city-fc-announce-2026-city-celebration-series-and-theme-nights,
NYCFC,MLS,2026,2026-08-16,Philadelphia Union,Black Excellence (Yankee Stadium),theme,,,,https://www.newyorkcityfc.com/news/new-york-city-fc-announce-2026-city-celebration-series-and-theme-nights,
NYCFC,MLS,2026,2026-09-04,Nashville SC,Noche Latina (Yankee Stadium),theme,Goya,,,https://www.newyorkcityfc.com/news/new-york-city-fc-announce-2026-city-celebration-series-and-theme-nights,
Red Bulls,MLS,2024,2024-03-09,FC Dallas,Home opener light-up foam LED sticks,giveaway|theme,OANDA,,,https://newyorkredbulls.com/news/new-york-red-bulls-announce-2024-theme-nights-giveaways-and-home-opener-activati,
Red Bulls,MLS,2024,2024-03-23,Inter Miami,Full-stadium flags,giveaway,,all fans,,https://newyorkredbulls.com/news/new-york-red-bulls-announce-2024-theme-nights-giveaways-and-home-opener-activati,
Red Bulls,MLS,2024,2024-04-13,,Autism Acceptance pop-it keychain,giveaway|theme,Hackensack Meridian Health,,,https://newyorkredbulls.com/news/new-york-red-bulls-announce-2024-theme-nights-giveaways-and-home-opener-activati,
Red Bulls,MLS,2024,2024-04-27,Vancouver Whitecaps,College Night bucket hat,giveaway|discount,,,,https://newyorkredbulls.com/news/new-york-red-bulls-announce-2024-theme-nights-giveaways-and-home-opener-activati,
Red Bulls,MLS,2024,2024-05-11,,'90s Night slap bracelets,giveaway|theme,,,,https://newyorkredbulls.com/news/new-york-red-bulls-announce-2024-theme-nights-giveaways-and-home-opener-activati,
Red Bulls,MLS,2024,2024-05-29,Charlotte FC,Bark Night bandana,giveaway|theme|special_ticket,,,,https://newyorkredbulls.com/news/new-york-red-bulls-announce-2024-theme-nights-giveaways-and-home-opener-activati,
Red Bulls,MLS,2024,2024-06-01,Orlando City,Pride Night sunglasses,giveaway|theme,Wawa,,,https://newyorkredbulls.com/news/new-york-red-bulls-announce-2024-theme-nights-giveaways-and-home-opener-activati,
Red Bulls,MLS,2024,2024-06-15,,Collectible Night player mini-figure,giveaway,,,,https://newyorkredbulls.com/news/new-york-red-bulls-announce-2024-theme-nights-giveaways-and-home-opener-activati,
Red Bulls,MLS,2024,2024-06-22,Toronto FC,Fireworks Night,fireworks,Audi,,,https://newyorkredbulls.com/news/new-york-red-bulls-announce-2024-theme-nights-giveaways-and-home-opener-activati,
Red Bulls,MLS,2024,2024-06-29,,Kids Night arm sleeve,giveaway|theme,,,,https://newyorkredbulls.com/news/new-york-red-bulls-announce-2024-theme-nights-giveaways-and-home-opener-activati,
Red Bulls,MLS,2024,2024-07-17,,Star Wars Night,crossover,,,,https://newyorkredbulls.com/news/new-york-red-bulls-announce-2024-theme-nights-giveaways-and-home-opener-activati,
Red Bulls,MLS,2024,2024-07-20,,Marvel Night comic book,giveaway|crossover,Hackensack Meridian Health,,,https://newyorkredbulls.com/news/new-york-red-bulls-announce-2024-theme-nights-giveaways-and-home-opener-activati,
Red Bulls,MLS,2024,2024-08-31,,Hip-Hop Night tote bag,giveaway|theme,,,,https://newyorkredbulls.com/news/new-york-red-bulls-announce-2024-theme-nights-giveaways-and-home-opener-activati,
Red Bulls,MLS,2024,2024-09-07,,Drone show,fireworks,,,,https://newyorkredbulls.com/news/new-york-red-bulls-announce-2024-theme-nights-giveaways-and-home-opener-activati,
Red Bulls,MLS,2024,2024-09-21,Atlanta United,Noche Latina scarf,giveaway|theme,NJ Lottery,,,https://newyorkredbulls.com/news/new-york-red-bulls-announce-2024-theme-nights-giveaways-and-home-opener-activati,
Red Bulls,MLS,2024,2024-09-28,,New York Derby trading cards,giveaway,,,,https://newyorkredbulls.com/news/new-york-red-bulls-announce-2024-theme-nights-giveaways-and-home-opener-activati,
Red Bulls,MLS,2024,2024-10-19,Columbus Crew,Fan Appreciation t-shirt,giveaway|theme,Horizon BCBS of NJ,,,https://newyorkredbulls.com/news/new-york-red-bulls-announce-2024-theme-nights-giveaways-and-home-opener-activati,
Gotham,NWSL,2025,2025-03-23,Orlando Pride,Blue Out home opener (rally towel + magnet),giveaway|theme,CarMax,,,https://gothamfc.com/news/gotham-fc-unveils-2025-home-game-theme-nights,
Gotham,NWSL,2025,2025-04-13,NC Courage,Fashion Day (limited-edition collaborations),theme,,,,https://gothamfc.com/news/gotham-fc-unveils-2025-home-game-theme-nights,
Gotham,NWSL,2025,2025-05-04,Chicago Stars,Not All Heroes Wear Capes,theme,RWJBarnabas Health,,,https://gothamfc.com/news/gotham-fc-unveils-2025-home-game-theme-nights,
Gotham,NWSL,2025,2025-05-16,San Diego Wave,Broadway Night,theme|celebrity,,,,https://gothamfc.com/news/gotham-fc-unveils-2025-home-game-theme-nights,
Gotham,NWSL,2025,2025-06-07,KC Current,Pride,theme,,,,https://gothamfc.com/news/gotham-fc-unveils-2025-home-game-theme-nights,
Gotham,NWSL,2025,2025-06-21,Bay FC,Juneteenth,theme,,,,https://gothamfc.com/news/gotham-fc-unveils-2025-home-game-theme-nights,
Gotham,NWSL,2025,2025-08-17,Houston Dash,Boardwalk Bash (giveaways),giveaway|theme,,,,https://gothamfc.com/news/gotham-fc-unveils-2025-home-game-theme-nights,
Gotham,NWSL,2025,2025-09-26,Portland Thorns,Celebración de la Comunidad,theme,,,,https://gothamfc.com/news/gotham-fc-unveils-2025-home-game-theme-nights,
Gotham,NWSL,2025,2025-10-05,Seattle Reign,School Spirit,theme,,,,https://gothamfc.com/news/gotham-fc-unveils-2025-home-game-theme-nights,
Gotham,NWSL,2025,2025-10-19,Racing Louisville,Queen Kriegs (Ali Krieger tribute),theme|star_player,CarMax,,,https://gothamfc.com/news/gotham-fc-unveils-2025-home-game-theme-nights,
Gotham,NWSL,2026,2026-03-21,NC Courage,Home opener champions beanie,giveaway|championship,CarMax,first 5000,,https://gothamfc.com/news/gotham-fc-unveils-2026-home-game-theme-nights,
Gotham,NWSL,2026,2026-04-25,Bay FC,Girls in Sport Day (prize drawings),theme,Grüns,,,https://gothamfc.com/news/gotham-fc-unveils-2026-home-game-theme-nights,
Gotham,NWSL,2026,2026-05-09,Boston Legacy,Club & Country,theme,Tylenol,,,https://gothamfc.com/news/gotham-fc-unveils-2026-home-game-theme-nights,
Gotham,NWSL,2026,2026-08-14,KC Current,Broadway Fireworks Night,fireworks|celebrity,,,,https://gothamfc.com/news/gotham-fc-unveils-2026-home-game-theme-nights,
Gotham,NWSL,2026,2026-08-28,Portland Thorns,Pride fan / fanny pack,giveaway|theme,Flamingo,first 5000,,https://gothamfc.com/news/gotham-fc-unveils-2026-home-game-theme-nights,
Gotham,NWSL,2026,2026-09-25,Chicago Stars,Celebración de la Comunidad,theme,Lendistry,,,https://gothamfc.com/news/gotham-fc-unveils-2026-home-game-theme-nights,
Gotham,NWSL,2026,2026-11-01,Utah Royals,Fan Appreciation,theme,CarMax,,,https://gothamfc.com/news/gotham-fc-unveils-2026-home-game-theme-nights,upcoming
Kraken,NHL,2024-25,2024-10-08,Blues,Home opener travel kit,giveaway,Amazon,all fans,,https://www.fox13seattle.com/sports/kraken-giveaways-theme-nights,
Kraken,NHL,2024-25,2024-10-17,Flyers,Magnet schedule,giveaway,Alaska Airlines,all fans,,https://www.fox13seattle.com/sports/kraken-giveaways-theme-nights,
Kraken,NHL,2024-25,2024-10-22,Avalanche,Vince Dunn bobblehead,giveaway|star_player,,first 12000,,https://www.fox13seattle.com/sports/kraken-giveaways-theme-nights,second FOX 13 story says first 10000
Kraken,NHL,2024-25,2024-10-24,Jets,Goalie oven mitt,giveaway,,first 12000,,https://www.fox13seattle.com/sports/kraken-giveaways-theme-nights,second FOX 13 story says first 10000
Kraken,NHL,2024-25,2024-11-20,Predators,Hockey Fights Cancer beanie,giveaway|theme,Virginia Mason Franciscan Health,all fans,,https://www.fox13seattle.com/sports/kraken-giveaways-theme-nights,
Kraken,NHL,2024-25,2024-11-27,Ducks,Buoy (mascot) bobblehead,giveaway,Alaska Airlines,first 12000,,https://www.fox13seattle.com/sports/kraken-giveaways-theme-nights,
Kraken,NHL,2024-25,2024-12-17,Senators,Trapper hat,giveaway,,first 12000,,https://www.fox13seattle.com/sports/kraken-giveaways-theme-nights,
Kraken,NHL,2024-25,2024-12-30,Utah,Oliver Bjorkstrand bobblehead,giveaway|star_player,PitchBook,first 12000,,https://www.fox13seattle.com/sports/kraken-giveaways-theme-nights,
Kraken,NHL,2024-25,2025-01-02,Canucks,Starbucks reusable cup,giveaway,Starbucks,all fans,,https://www.fox13seattle.com/sports/kraken-giveaways-theme-nights,
Kraken,NHL,2024-25,2025-01-23,Capitals,Jamie Oleksiak bobblehead,giveaway|star_player,Bristol Bay Native Corporation,first 12000,,https://www.fox13seattle.com/sports/kraken-giveaways-theme-nights,
Kraken,NHL,2024-25,2025-01-25,Penguins,Buoy slippers (kids),giveaway,WaFd Bank,first 5000 kids,,https://www.fox13seattle.com/sports/kraken-giveaways-theme-nights,
Kraken,NHL,2024-25,2025-03-01,Canucks,Hand flag,giveaway,BDA,all fans,,https://www.fox13seattle.com/sports/kraken-giveaways-theme-nights,
Kraken,NHL,2024-25,2025-03-04,Wild,Philipp Grubauer bobblehead,giveaway|star_player,,first 12000,,https://www.fox13seattle.com/sports/kraken-giveaways-theme-nights,
Kraken,NHL,2024-25,2025-03-12,Canadiens,Joey Daccord bobblehead,giveaway|star_player,,first 12000,,https://www.fox13seattle.com/sports/kraken-giveaways-theme-nights,
Kraken,NHL,2024-25,2025-04-15,Sharks,Fan appreciation item,giveaway|theme,Amazon,all fans,,https://www.fox13seattle.com/sports/kraken-giveaways-theme-nights,
Seahawks,NFL,2023,2023-08-10,Vikings,Pride Night (preseason),theme,,,,https://seahawks.com/news/seattle-seahawks-announce-themes-for-2023-home-games,
Seahawks,NFL,2023,2023-08-19,Cowboys,Kids' Day (preseason),theme,,,,https://seahawks.com/news/seattle-seahawks-announce-themes-for-2023-home-games,
Seahawks,NFL,2023,2023-09-10,Rams,Kickoff,theme,,,,https://seahawks.com/news/seattle-seahawks-announce-themes-for-2023-home-games,
Seahawks,NFL,2023,2023-09-24,Panthers,Super Bowl XLVIII 10th anniversary,theme|championship,,,,https://seahawks.com/news/seattle-seahawks-announce-themes-for-2023-home-games,
Seahawks,NFL,2023,2023-10-22,Cardinals,Crucial Catch,theme,,,,https://seahawks.com/news/seattle-seahawks-announce-themes-for-2023-home-games,
Seahawks,NFL,2023,2023-10-29,Browns,Throwback uniforms,theme,,,,https://seahawks.com/news/seattle-seahawks-announce-themes-for-2023-home-games,
Seahawks,NFL,2023,2023-11-12,Commanders,Salute to Service,theme,,,,https://seahawks.com/news/seattle-seahawks-announce-themes-for-2023-home-games,
Seahawks,NFL,2023,2023-11-23,49ers,Thanksgiving,theme,,,,https://seahawks.com/news/seattle-seahawks-announce-themes-for-2023-home-games,
Seahawks,NFL,2023,2023-12-17,Eagles,Holiday Season & Inspire Change,theme,,,,https://seahawks.com/news/seattle-seahawks-announce-themes-for-2023-home-games,the game itself was played Monday Dec 18
Seahawks,NFL,2023,2023-12-31,Steelers,New Year's Eve,theme,,,,https://seahawks.com/news/seattle-seahawks-announce-themes-for-2023-home-games,
Seahawks,NFL,2024,2024-09-08,Broncos,Kickoff,theme,,,,https://www.seahawks.com/news/seattle-seahawks-announce-themes-for-2024-home-games,
Seahawks,NFL,2024,2024-09-22,Dolphins,La Gente & Hispanic Heritage,theme,,,,https://www.seahawks.com/news/seattle-seahawks-announce-themes-for-2024-home-games,
Seahawks,NFL,2024,2024-10-06,Giants,Crucial Catch,theme,,,,https://www.seahawks.com/news/seattle-seahawks-announce-themes-for-2024-home-games,
Seahawks,NFL,2024,2024-10-10,49ers,Primetime throwback uniforms,theme,,,,https://www.seahawks.com/news/seattle-seahawks-announce-themes-for-2024-home-games,
Seahawks,NFL,2024,2024-10-27,Bills,Halloween & 12 North,theme,,,,https://www.seahawks.com/news/seattle-seahawks-announce-themes-for-2024-home-games,
Seahawks,NFL,2024,2024-11-03,Rams,Corgi Cup,theme,,,,https://www.seahawks.com/news/seattle-seahawks-announce-themes-for-2024-home-games,
Seahawks,NFL,2024,2024-11-24,Cardinals,Salute to Service,theme,,,,https://www.seahawks.com/news/seattle-seahawks-announce-themes-for-2024-home-games,
Seahawks,NFL,2024,2024-12-15,Packers,40th anniversary of 12s jersey retirement + Fan Appreciation,theme,,,,https://www.seahawks.com/news/seattle-seahawks-announce-themes-for-2024-home-games,
Seahawks,NFL,2024,2024-12-22,Vikings,Inspire Change & Holiday Celebration,theme,,,,https://www.seahawks.com/news/seattle-seahawks-announce-themes-for-2024-home-games,
Sounders,MLS,2025,2025-02-22,Charlotte FC,Let's Rave! season opener,theme,,,,https://www.soundersfc.com/news/sounders-fc-announces-2025-matchday-themes-with-single-match-tickets-now-available,
Sounders,MLS,2025,2025-04-19,Nashville SC,Youth Match,theme,Providence,,,https://www.soundersfc.com/news/sounders-fc-announces-2025-matchday-themes-with-single-match-tickets-now-available,
Sounders,MLS,2025,2025-06-01,Minnesota United,Celebrate The World's Game (Club World Cup preview),theme,,,,https://www.soundersfc.com/news/sounders-fc-announces-2025-matchday-themes-with-single-match-tickets-now-available,
Sounders,MLS,2025,2025-06-28,Austin FC,Pride Match,theme,Starbucks,,,https://www.soundersfc.com/news/sounders-fc-announces-2025-matchday-themes-with-single-match-tickets-now-available,
Sounders,MLS,2025,2025-07-16,Colorado Rapids,Throwback Week,theme,Brown Forman,,,https://www.soundersfc.com/news/sounders-fc-announces-2025-matchday-themes-with-single-match-tickets-now-available,
Sounders,MLS,2025,2025-07-19,San Jose Earthquakes,Throwback Week,theme,Brown Forman,,,https://www.soundersfc.com/news/sounders-fc-announces-2025-matchday-themes-with-single-match-tickets-now-available,
Sounders,MLS,2025,2025-08-24,Sporting Kansas City,Youth Match,theme,Regence,,,https://www.soundersfc.com/news/sounders-fc-announces-2025-matchday-themes-with-single-match-tickets-now-available,
Sounders,MLS,2025,2025-09-27,Vancouver Whitecaps,Fan Appreciation Night,theme,Providence,,,https://www.soundersfc.com/news/sounders-fc-announces-2025-matchday-themes-with-single-match-tickets-now-available,
Sounders,MLS,2025,2025-10-04,Portland Timbers,Rivalry Match,theme,,,,https://www.soundersfc.com/news/sounders-fc-announces-2025-matchday-themes-with-single-match-tickets-now-available,
Sounders,MLS,2026,2026-10-28,,Fourth Wing Night (themed crewneck with package; signed book for first 500 package buyers),crossover|special_ticket|celebrity,,,,https://seasoccer.deltatre.net/tickets/theme-and-promo-matches,upcoming; opponent not listed on the page
Reign,NWSL,2024,2024-03-17,Washington Spirit,Home Opener,theme,,,,https://www.reignfc.com/news/seattle-reign-fc-announces-2024-theme-matches,
Reign,NWSL,2024,2024-04-21,Chicago Red Stars,Earth Day,theme,,,,https://www.reignfc.com/news/seattle-reign-fc-announces-2024-theme-matches,
Reign,NWSL,2024,2024-05-19,Orlando Pride,AANHPI Heritage,theme,,,,https://www.reignfc.com/news/seattle-reign-fc-announces-2024-theme-matches,
Reign,NWSL,2024,2024-06-16,Portland Thorns,Juneteenth,theme,,,,https://www.reignfc.com/news/seattle-reign-fc-announces-2024-theme-matches,
Reign,NWSL,2024,2024-06-23,Racing Louisville,Pride,theme,Starbucks,,,https://www.reignfc.com/news/seattle-reign-fc-announces-2024-theme-matches,
Reign,NWSL,2024,2024-07-07,Utah Royals,Kids Day,theme,,,,https://www.reignfc.com/news/seattle-reign-fc-announces-2024-theme-matches,
Reign,NWSL,2024,2024-09-29,Bay FC,Latinx Heritage Match,theme,,,,https://www.reignfc.com/news/seattle-reign-fc-announces-2024-theme-matches,
Reign,NWSL,2024,2024-10-04,Angel City FC,Kick Breast Cancer,theme,MultiCare,,,https://www.reignfc.com/news/seattle-reign-fc-announces-2024-theme-matches,
Reign,NWSL,2024,2024-10-18,Houston Dash,Fan Appreciation,theme,BECU,,,https://www.reignfc.com/news/seattle-reign-fc-announces-2024-theme-matches,
Reign,NWSL,2025,2025-03-15,Gotham FC,Home Opener,theme,,,,https://www.reignfc.com/news/seattle-reign-fc-announces-2025-matchday-themes-with-single-match-tickets-available-now,
Reign,NWSL,2025,2025-04-12,Orlando Pride,Youth Match,theme,,,,https://www.reignfc.com/news/seattle-reign-fc-announces-2025-matchday-themes-with-single-match-tickets-available-now,
Reign,NWSL,2025,2025-04-18,Portland Thorns,Cascadia Rivalry,theme,,,,https://www.reignfc.com/news/seattle-reign-fc-announces-2025-matchday-themes-with-single-match-tickets-available-now,
Reign,NWSL,2025,2025-05-11,Houston Dash,Mother's Day,theme,,,,https://www.reignfc.com/news/seattle-reign-fc-announces-2025-matchday-themes-with-single-match-tickets-available-now,
Reign,NWSL,2025,2025-08-01,Angel City FC,Pride Match,theme,Starbucks,,,https://www.reignfc.com/news/seattle-reign-fc-announces-2025-matchday-themes-with-single-match-tickets-available-now,
Reign,NWSL,2025,2025-08-18,Chicago Stars,The Queen's Match,theme,,,,https://www.reignfc.com/news/seattle-reign-fc-announces-2025-matchday-themes-with-single-match-tickets-available-now,
Reign,NWSL,2025,2025-09-14,Racing Louisville,Youth Match,theme,,,,https://www.reignfc.com/news/seattle-reign-fc-announces-2025-matchday-themes-with-single-match-tickets-available-now,
Reign,NWSL,2025,2025-10-17,Utah Royals,Community Match (giveaways and surprises),theme|giveaway,,,,https://www.reignfc.com/news/seattle-reign-fc-announces-2025-matchday-themes-with-single-match-tickets-available-now,
San Diego FC,MLS,2025,2025-03-01,St. Louis City SC,Inaugural home opener + commemorative scarf,giveaway|theme,DIRECTV,first 30000,,https://www.sandiegofc.com/news/san-diego-fc-to-host-record-breaking-crowd-for-historic-inaugural-home-opener-at-snapdragon-stadium,
San Diego FC,MLS,2025,2025-04-26,Real Salt Lake,Youth Club Night,theme,,,,https://www.sandiegofc.com/news/san-diego-fc-announces-celebration-nights-for-inaugural-2025-mls-season,
San Diego FC,MLS,2025,2025-05-03,FC Dallas,Military Appreciation,theme,,,,https://www.sandiegofc.com/news/san-diego-fc-announces-celebration-nights-for-inaugural-2025-mls-season,
San Diego FC,MLS,2025,2025-05-17,Sporting Kansas City,Kids Night (youth merchandise),giveaway|theme,,youth attendees,,https://www.sandiegofc.com/news/san-diego-fc-announces-celebration-nights-for-inaugural-2025-mls-season,
San Diego FC,MLS,2025,2025-05-31,Austin FC,Summer Kickoff Night (fan giveaways),giveaway|theme,Cal Bank & Trust,,,https://www.sandiegofc.com/news/san-diego-fc-announces-celebration-nights-for-inaugural-2025-mls-season,
San Diego FC,MLS,2025,2025-07-05,Houston Dynamo,Stars & Stripes Night,theme,,,,https://www.sandiegofc.com/news/san-diego-fc-announces-celebration-nights-for-inaugural-2025-mls-season,
San Diego FC,MLS,2025,2025-08-23,,Pride Night,theme,San Diego Pride,,,https://www.sandiegofc.com/news/san-diego-fc-announces-celebration-nights-for-inaugural-2025-mls-season,opponent not listed
San Diego FC,MLS,2025,2025-09-13,Minnesota United,Hispanic Heritage Night,theme,,,,https://www.sandiegofc.com/news/san-diego-fc-announces-celebration-nights-for-inaugural-2025-mls-season,
San Diego FC,MLS,2025,2025-09-27,San Jose Earthquakes,Fan Appreciation Night (giveaways),giveaway|theme,Alaska Airlines,,,https://www.sandiegofc.com/news/san-diego-fc-announces-celebration-nights-for-inaugural-2025-mls-season,
San Diego FC,MLS,2026,2026-02-21,CF Montréal,Home Opener,theme,,,,https://www.sandiegofc.com/news/san-diego-fc-celebration-nights-are-back,
San Diego FC,MLS,2026,2026-03-01,,San Diego Sports Night + limited-edition football jersey,giveaway|crossover,,first 25000,,https://www.sandiegofc.com/news/san-diego-fc-celebration-nights-are-back,opponent not listed
San Diego FC,MLS,2026,2026-05-16,FC Cincinnati,"Anders Dreyer ""El Paletero"" bobblehead (club's first)",giveaway|star_player,SHARP HealthCare,first 20000,,https://www.sandiegofc.com/news/san-diego-fc-celebration-nights-are-back,
Wave,NWSL,2023,2023-09-03,Houston Dash,World Cup Welcome Back + bucket hat,giveaway|theme,,first 10000,,https://sandiegowavefc.com/san-diego-wave-fc-announces-additional-2023-themes-and-promotions/,
Wave,NWSL,2023,2023-09-16,Kansas City Current,Latino Heritage Night (merchandise for sale),theme,McDonald's,,,https://sandiegowavefc.com/san-diego-wave-fc-announces-additional-2023-themes-and-promotions/,
Wave,NWSL,2023,2023-10-15,Racing Louisville,Fan Appreciation Day + basketball jersey,giveaway|theme,PNC Bank,first 10000,,https://sandiegowavefc.com/san-diego-wave-fc-announces-additional-2023-themes-and-promotions/,
Wave,NWSL,2024,2024-03-23,Kansas City Current,Home Opener + 2023 Shield pennant,giveaway|championship,Trust & Will,first 15000,,https://sandiegowavefc.com/san-diego-wave-fc-announces-2024-theme-nights-launch-half-quarter-season-memberships/,
Wave,NWSL,2024,2024-05-12,Gotham FC,AAPI Heritage Night,theme,Mostra Coffee,,,https://sandiegowavefc.com/san-diego-wave-fc-announces-2024-theme-nights-launch-half-quarter-season-memberships/,
Wave,NWSL,2024,2024-06-28,Chicago Red Stars,Pride Night,theme,,,,https://sandiegowavefc.com/san-diego-wave-fc-announces-2024-theme-nights-launch-half-quarter-season-memberships/,
Wave,NWSL,2024,2024-08-24,Angel City FC,Rivalry Match,theme,Kaiser Permanente,,,https://sandiegowavefc.com/san-diego-wave-fc-announces-2024-theme-nights-launch-half-quarter-season-memberships/,
Wave,NWSL,2024,2024-09-01,Washington Spirit,Military Appreciation,theme,PenFed Credit Union,,,https://sandiegowavefc.com/san-diego-wave-fc-announces-2024-theme-nights-launch-half-quarter-season-memberships/,
Wave,NWSL,2024,2024-09-28,Portland Thorns,Latino Heritage Night,theme,McDonald's,,,https://sandiegowavefc.com/san-diego-wave-fc-announces-2024-theme-nights-launch-half-quarter-season-memberships/,
Wave,NWSL,2024,2024-10-13,Houston Dash,Kids Day (free kids ticket with adult ticket),theme|discount,,,,https://sandiegowavefc.com/san-diego-wave-fc-announces-2024-theme-nights-launch-half-quarter-season-memberships/,
Wave,NWSL,2024,2024-11-03,Racing Louisville,Fan Appreciation Day + custom jersey,giveaway|theme,PNC Bank,,,https://sandiegowavefc.com/san-diego-wave-fc-announces-2024-theme-nights-launch-half-quarter-season-memberships/,
Wave,NWSL,2025,2025-03-22,Utah Royals,Home Opener + baseball jersey,giveaway,PNC Bank,first 10000,,https://sandiegowavefc.com/san-diego-wave-fc-announce-theme-nights-ahead-of-2025-regular-season/,
Wave,NWSL,2025,2025-05-04,Bay FC,AANHPI Night,theme,Mostra Coffee,,,https://sandiegowavefc.com/san-diego-wave-fc-announce-theme-nights-ahead-of-2025-regular-season/,
Wave,NWSL,2025,2025-05-25,North Carolina Courage,Military Appreciation Night + limited-edition hat,giveaway|theme,,,,https://sandiegowavefc.com/san-diego-wave-fc-announce-theme-nights-ahead-of-2025-regular-season/,
Wave,NWSL,2025,2025-06-06,Seattle Reign,Trust & Will night (complimentary will setup),theme,Trust & Will,all attendees,,https://sandiegowavefc.com/san-diego-wave-fc-announce-theme-nights-ahead-of-2025-regular-season/,
Wave,NWSL,2025,2025-08-09,Angel City FC,Rivalry Night,theme,Kaiser Permanente,,,https://sandiegowavefc.com/san-diego-wave-fc-announce-theme-nights-ahead-of-2025-regular-season/,
Wave,NWSL,2025,2025-08-24,Racing Louisville,Pride Night,theme,Kaiser Permanente,,,https://sandiegowavefc.com/san-diego-wave-fc-announce-theme-nights-ahead-of-2025-regular-season/,
Wave,NWSL,2025,2025-09-26,Orlando Pride,Noche Latina,theme,Jameson,,,https://sandiegowavefc.com/san-diego-wave-fc-announce-theme-nights-ahead-of-2025-regular-season/,
Wave,NWSL,2025,2025-10-18,Chicago Stars,Fan Appreciation + hockey jersey,giveaway|theme,PNC Bank,limited,,https://sandiegowavefc.com/san-diego-wave-fc-announce-theme-nights-ahead-of-2025-regular-season/,
Wave,NWSL,2026,2026-03-14,Houston Dash,Home Opener,theme,,,,https://digital-release.fox5sandiego.com/sports/san-diego-wave-fc/wave-fc-theme-nights-2026/amp/,
Wave,NWSL,2026,2026-05-03,Bay FC,Kids Night,theme,,,,https://digital-release.fox5sandiego.com/sports/san-diego-wave-fc/wave-fc-theme-nights-2026/amp/,
Wave,NWSL,2026,2026-05-15,Washington Spirit,AANHPI Night,theme,,,,https://digital-release.fox5sandiego.com/sports/san-diego-wave-fc/wave-fc-theme-nights-2026/amp/,
Wave,NWSL,2026,2026-07-11,Angel City FC,Rivalry Night,theme,,,,https://digital-release.fox5sandiego.com/sports/san-diego-wave-fc/wave-fc-theme-nights-2026/amp/,
Wave,NWSL,2026,2026-07-26,Seattle Reign,Pride Day,theme,,,,https://digital-release.fox5sandiego.com/sports/san-diego-wave-fc/wave-fc-theme-nights-2026/amp/,
Wave,NWSL,2026,2026-08-14,Denver Summit,Hello Kitty Night,crossover,,,,https://digital-release.fox5sandiego.com/sports/san-diego-wave-fc/wave-fc-theme-nights-2026/amp/,
Wave,NWSL,2026,2026-08-28,Racing Louisville,Fan Appreciation Night,theme,,,,https://digital-release.fox5sandiego.com/sports/san-diego-wave-fc/wave-fc-theme-nights-2026/amp/,
Wave,NWSL,2026,2026-09-12,North Carolina Courage,Noche Latina,theme,,,,https://digital-release.fox5sandiego.com/sports/san-diego-wave-fc/wave-fc-theme-nights-2026/amp/,
Wave,NWSL,2026,2026-10-25,Boston Legacy,Military Appreciation Night,theme,,,,https://digital-release.fox5sandiego.com/sports/san-diego-wave-fc/wave-fc-theme-nights-2026/amp/,upcoming
